acs_occ_code,n_soc6_mapped,acs_occ_title,soc_major,soc_major_nunique,llm_exposure_main,llm_exposure_model_robustness,complementarity_theta,complementarity_no_jobzone,m_index,m_no_jobzone,m_average_of_detail_products,m_no_jobzone_average_of_detail_products,annual_mean_wage,annual_median_wage,mapping_rows,llm_exposure_main_oews_weighted,complementarity_theta_oews_weighted,complementarity_no_jobzone_oews_weighted,m_index_oews_weighted,m_no_jobzone_oews_weighted
10,2,Chief executives and legislators,11,1,0.4430555555555555,0.4538888888888889,0.7236458333333333,0.6683749999999999,0.2673469328703703,0.24692743055555547,0.2665482253086419,0.2459689814814814,135065.0,108395.0,2.0,0.3962312355200101,0.7236458333333333,0.6683749999999999,0.2673469328703703,0.24692743055555547
1005,1,Computer and information research scientists,15,1,0.5,0.6346153846153847,0.6016666666666667,0.522,0.30083333333333334,0.261,0.30083333333333334,0.261,142650.0,131490.0,1.0,0.5,0.6016666666666667,0.522,0.30083333333333334,0.261
1006,1,Computer systems analysts,15,1,0.553475935828877,0.6174242424242424,0.6016319444444445,0.5619583333333333,0.33298880347593585,0.31103041443850266,0.3363992869875223,0.3151229946524064,102210.0,99270.0,1.0,0.553475935828877,0.6016319444444445,0.5619583333333333,0.33298880347593585,0.31103041443850266
1007,1,Information security analysts,15,1,0.5434782608695652,0.6521739130434783,0.579861111111111,0.5358333333333333,0.31514190821256033,0.29121376811594196,0.31514190821256033,0.29121376811594196,113270.0,102600.0,1.0,0.5434782608695652,0.579861111111111,0.5358333333333333,0.31514190821256033,0.29121376811594196
101,1,Administrative services managers,11,1,0.5,0.3913043478260869,0.6192361111111111,0.6230833333333333,0.30961805555555555,0.31154166666666666,0.30961805555555555,0.31154166666666666,113030.0,100170.0,1.0,0.5,0.6192361111111111,0.6230833333333333,0.30961805555555555,0.31154166666666666
1010,1,Computer programmers,15,1,0.6833333333333333,0.95,0.49631944444444437,0.4355833333333333,0.33915162037037033,0.2976486111111111,0.33915162037037033,0.2976486111111111,96650.0,93000.0,1.0,0.6833333333333333,0.4963194444444444,0.4355833333333333,0.33915162037037033,0.2976486111111111
102,1,Facilities managers,11,1,0.4042207792207792,0.40016233766233766,,,,,,,101970.0,97930.0,1.0,0.4042207792207792,,,,
1021,1,Software developers,15,1,0.4473684210526315,0.8684210526315789,,,,,,,120990.0,120730.0,1.0,0.4473684210526315,,,,
1022,1,Software quality assurance analysts and testers,15,1,0.6140350877192982,0.8771929824561403,0.5507638888888889,0.5009166666666667,0.3381883528265107,0.3075804093567251,0.3381883528265107,0.3075804093567251,97710.0,98220.0,1.0,0.6140350877192982,0.5507638888888889,0.5009166666666667,0.3381883528265107,0.3075804093567251
1031,1,Web developers,15,1,0.6346153846153847,0.9326923076923076,0.5196527777777777,0.5035833333333334,0.32977964743589744,0.31958173076923085,0.32977964743589744,0.31958173076923085,81320.0,77030.0,1.0,0.6346153846153847,0.5196527777777777,0.5035833333333334,0.32977964743589744,0.31958173076923085
1032,1,Web and digital interface designers,15,1,0.6333333333333333,0.75,0.5522916666666666,0.50275,0.3497847222222222,0.31840833333333335,0.32217013888888885,0.2932708333333333,95460.0,79890.0,1.0,0.6333333333333333,0.5522916666666666,0.50275,0.3497847222222222,0.31840833333333335
1050,2,Computer support specialists,15,1,0.6025641025641026,0.6228632478632479,0.6061805555555556,0.5874166666666667,0.36544515669515676,0.35545726495726493,0.36544515669515676,0.35545726495726493,64500.0,56265.0,2.0,0.6394668212828138,0.6078196513119783,0.6008972298146119,0.388802527493061,0.38525744041324833
1065,2,Database administrators and architects,15,1,0.6213884517877437,0.9233652417169333,0.5199131944444444,0.4638958333333334,0.3232539438892652,0.2884825803810793,0.32276532153342363,0.2878962335540694,109195.0,110070.0,2.0,0.6149906587467313,0.5179502400573854,0.46154028806886266,0.3187078896844135,0.2840509622218193
110,1,Computer and information systems managers,11,1,0.5606060606060607,0.5303030303030303,0.6380555555555555,0.6056666666666666,0.35769781144781143,0.33954040404040403,0.35769781144781143,0.33954040404040403,162930.0,159010.0,1.0,0.5606060606060607,0.6380555555555555,0.6056666666666666,0.35769781144781143,0.33954040404040403
1105,1,Network and computer systems administrators,15,1,0.5135135135135136,0.7297297297297298,0.5378472222222223,0.4854166666666667,0.27619181681681687,0.2492680180180181,0.27619181681681687,0.2492680180180181,91250.0,80600.0,1.0,0.5135135135135136,0.5378472222222223,0.4854166666666667,0.27619181681681687,0.2492680180180181
1106,1,Computer network architects,15,1,0.5433011968085106,0.6352227393617021,0.5706944444444444,0.5448333333333333,0.31005897467863475,0.2960086020611702,0.30983362076130316,0.2955104512965425,120650.0,120520.0,1.0,0.5433011968085106,0.5706944444444444,0.5448333333333333,0.31005897467863475,0.2960086020611702
1108,1,"Computer occupations, all other",15,1,0.5969636725035986,0.7357861863332168,0.5772222222222222,0.5326666666666666,0.34458069762846605,0.3179826495535835,0.34065620622779436,0.313512177171996,98180.0,95270.0,1.0,0.5969636725035986,0.5772222222222222,0.5326666666666666,0.34458069762846605,0.3179826495535835
120,1,Financial managers,11,1,0.4541306971131532,0.4850552306692657,0.6327777777777778,0.586,0.28736381333993416,0.2661205885083078,0.2880560699588477,0.26595875336489366,153460.0,131710.0,1.0,0.4541306971131531,0.6327777777777778,0.586,0.28736381333993416,0.2661205885083078
1200,1,Actuaries,15,1,0.537037037037037,0.5,0.53625,0.48350000000000004,0.2879861111111111,0.2596574074074074,0.2879861111111111,0.2596574074074074,125300.0,105900.0,1.0,0.537037037037037,0.53625,0.4835,0.2879861111111111,0.2596574074074074
1220,1,Operations research analysts,15,1,0.6290322580645161,0.6290322580645161,0.6114583333333333,0.53375,0.3846270161290323,0.33574596774193544,0.3846270161290323,0.33574596774193544,95830.0,82360.0,1.0,0.6290322580645161,0.6114583333333333,0.53375,0.3846270161290323,0.3357459677419355
1240,4,Other mathematical science occupations,15,1,0.6618104684058632,0.8215566852737906,0.5583680555555555,0.49004166666666665,0.3705344380934053,0.32459425728343905,0.3697939172623794,0.32395058178115743,99625.0,91760.0,4.0,0.6162679834129805,0.5376068140874818,0.47586407738719216,0.3323445688370966,0.2935089075520164
1305,1,"Architects, except landscape and naval",17,1,0.4302325581395348,0.4883720930232558,0.6731944444444444,0.6078333333333332,0.28963016795865626,0.2615096899224805,0.28963016795865626,0.2615096899224805,91900.0,80180.0,1.0,0.4302325581395348,0.6731944444444444,0.6078333333333332,0.28963016795865626,0.2615096899224805
1306,1,Landscape architects,17,1,0.3684210526315789,0.4210526315789473,0.6385416666666667,0.60625,0.23525219298245614,0.2233552631578947,0.23525219298245614,0.2233552631578947,74980.0,67950.0,1.0,0.3684210526315789,0.6385416666666667,0.60625,0.23525219298245617,0.2233552631578947
1310,2,"Surveyors, cartographers, and photogrammetrists",17,1,0.4398958333333334,0.5150347222222222,0.6101041666666667,0.572125,0.2675341362847222,0.2506576302083333,0.26779274450231483,0.25096796006944444,71195.0,65250.0,2.0,0.4283853460451978,0.6342582980225989,0.6011099576271187,0.2711368417711276,0.2568225547581215
1320,1,Aerospace engineers,17,1,0.5178571428571428,0.5714285714285714,0.6093055555555555,0.5711666666666666,0.3155332341269841,0.29578273809523803,0.3155332341269841,0.29578273809523803,122970.0,122270.0,1.0,0.5178571428571428,0.6093055555555555,0.5711666666666666,0.31553323412698414,0.29578273809523803
1340,2,Biomedical and agricultural engineers,17,1,0.4358974358974359,0.5078347578347578,0.6349652777777778,0.6019583333333334,0.27401264245014245,0.2590715811965812,0.27401264245014245,0.2590715811965812,94185.0,90025.0,2.0,0.525914100463527,0.6112866754657443,0.5735440105588931,0.320848656837529,0.3008721321308705
135,1,Compensation and benefits managers,11,1,0.4605263157894737,0.513157894736842,0.5965277777777778,0.5558333333333334,0.27471673976608185,0.2559758771929825,0.27471673976608185,0.2559758771929825,139470.0,127530.0,1.0,0.4605263157894737,0.5965277777777778,0.5558333333333334,0.27471673976608185,0.2559758771929825
1350,1,Chemical engineers,17,1,0.3461538461538461,0.4615384615384615,0.6541666666666667,0.625,0.22644230769230766,0.2163461538461538,0.22644230769230766,0.2163461538461538,121840.0,105550.0,1.0,0.3461538461538461,0.6541666666666667,0.625,0.22644230769230766,0.2163461538461538
136,1,Human resources managers,11,1,0.45,0.48,0.6765277777777778,0.6518333333333334,0.3044375,0.293325,0.3044375,0.293325,136590.0,126230.0,1.0,0.45,0.6765277777777778,0.6518333333333334,0.3044375,0.293325
1360,1,Civil engineers,17,1,0.45454545454545453,0.48214285714285715,0.6453472222222222,0.6144166666666667,0.29333964646464644,0.27928030303030305,0.2935411405723906,0.27952209595959593,95490.0,88050.0,1.0,0.45454545454545453,0.6453472222222222,0.6144166666666667,0.29333964646464644,0.27928030303030305
137,1,Training and development managers,11,1,0.4772727272727273,0.5,0.6189583333333334,0.58275,0.29541193181818187,0.27813068181818185,0.29541193181818187,0.27813068181818185,128800.0,120130.0,1.0,0.4772727272727273,0.6189583333333334,0.58275,0.29541193181818187,0.27813068181818185
140,1,Industrial production managers,11,1,0.3296039063138119,0.40571870150289957,0.7351851851851853,0.7355555555555556,0.24231990890108027,0.24244198442193723,0.24058149303735732,0.24061196028541254,117780.0,103150.0,1.0,0.3296039063138119,0.7351851851851852,0.7355555555555557,0.24231990890108027,0.24244198442193723
1400,1,Computer hardware engineers,17,1,0.3181818181818182,0.7272727272727273,0.5577083333333334,0.50925,0.17745265151515152,0.1620340909090909,0.17745265151515152,0.1620340909090909,136230.0,128170.0,1.0,0.3181818181818182,0.5577083333333334,0.50925,0.17745265151515152,0.1620340909090909
1410,2,Electrical and electronics engineers,17,1,0.4270395658263305,0.5912990196078431,0.6032986111111112,0.5639583333333333,0.2573443548426315,0.24048689527894493,0.25681026968078896,0.2398459930847339,111690.0,102620.0,2.0,0.42144845676597326,0.6070245261889332,0.5684294314267199,0.25556235966908614,0.23924307852034762
1420,1,Environmental engineers,17,1,0.5,0.5555555555555556,0.6559722222222223,0.6271666666666668,0.32798611111111114,0.3135833333333334,0.32798611111111114,0.3135833333333334,100220.0,96820.0,1.0,0.5,0.6559722222222223,0.6271666666666668,0.32798611111111114,0.3135833333333334
1430,2,"Industrial engineers, including health and safety",17,1,0.5438682836387203,0.5292929028791291,0.6664149305555556,0.6346979166666666,0.3626481298195281,0.3455586091033127,0.36255506787361313,0.3454471560661405,97450.0,97170.0,2.0,0.5234837863202226,0.6590098878657003,0.6215337264324642,0.3450362285966083,0.32546102557479567
1440,1,Marine engineers and naval architects,17,1,0.4035087719298245,0.4210526315789473,0.6553472222222222,0.6264166666666666,0.2644383528265107,0.2527646198830409,0.2644383528265107,0.2527646198830409,97820.0,93370.0,1.0,0.4035087719298245,0.6553472222222222,0.6264166666666666,0.2644383528265107,0.2527646198830409
1450,1,Materials engineers,17,1,0.3170731707317073,0.4878048780487805,0.6295138888888889,0.5954166666666667,0.1996019647696477,0.18879065040650408,0.1996019647696477,0.18879065040650408,101950.0,98300.0,1.0,0.3170731707317073,0.6295138888888889,0.5954166666666667,0.19960196476964773,0.18879065040650408
1460,1,Mechanical engineers,17,1,0.5007630338957288,0.5312935096519228,0.6329166666666667,0.5994999999999999,0.3169412702031717,0.3002074388204894,0.3164539637905119,0.2996226711252976,97000.0,95300.0,1.0,0.5007630338957288,0.6329166666666667,0.5994999999999999,0.3169412702031717,0.3002074388204894
150,1,Purchasing managers,11,1,0.4714285714285714,0.5857142857142857,0.58125,0.5375,0.27401785714285715,0.25339285714285714,0.27401785714285715,0.25339285714285714,134590.0,127150.0,1.0,0.4714285714285714,0.58125,0.5375,0.27401785714285715,0.25339285714285714
1520,2,"Petroleum, mining and geological engineers, including mining safety engineers",17,1,0.4652777777777778,0.5046296296296295,0.6514583333333334,0.62175,0.3030729166666667,0.2892430555555555,0.3030729166666667,0.2892430555555555,123085.0,113970.0,2.0,0.44792255778004,0.6519789899332655,0.6223747879199185,0.29200896391810877,0.27874314745692413
1530,2,Other engineers,17,1,0.4605866483662536,0.5363248100138345,0.6356467013888889,0.5977760416666666,0.2928761692308837,0.2755266728547973,0.2933693238438989,0.27581363140088466,114780.0,110510.0,2.0,0.4483920825316637,0.6294371175725114,0.5860942391612498,0.2822646822855224,0.26285657129750606
1541,1,Architectural and civil drafters,17,1,0.52,0.54,0.5511111111111111,0.5413333333333332,0.28657777777777776,0.28149333333333326,0.28657777777777776,0.28149333333333326,60620.0,60340.0,1.0,0.52,0.5511111111111111,0.5413333333333332,0.28657777777777776,0.28149333333333326
1545,3,Other drafters,17,1,0.4774394717534849,0.5372340425531914,0.5351041666666667,0.522125,0.25548771602673837,0.24929252262166784,0.25548771602673837,0.24929252262166784,64870.0,60855.0,2.0,0.47275853190836864,0.5348451446598953,0.5218141735918743,0.2528592582816152,0.24670008610893399
1551,1,Electrical and electronic engineering technologists and technicians,17,1,0.330188679245283,0.4056603773584905,0.6152083333333334,0.6182500000000001,0.20313482704402516,0.20413915094339624,0.20313482704402516,0.20413915094339624,69070.0,63640.0,1.0,0.330188679245283,0.6152083333333334,0.6182500000000001,0.20313482704402516,0.20413915094339624
1555,8,"Other engineering technologists and technicians, except drafters",17,1,0.3209954751231807,0.3972061122887827,0.6106994047619047,0.6071249999999999,0.201781787680086,0.19989699759990587,0.2020309263820026,0.20025984332343652,63461.25,60452.5,8.0,0.346449982695039,0.6050668219390166,0.6047643019804361,0.21179719698454008,0.21108875686542258
1560,1,Surveying and mapping technicians,17,1,0.5106382978723404,0.5,0.5849305555555555,0.5819166666666666,0.2986879432624113,0.2971489361702127,0.2986879432624113,0.2971489361702127,49810.0,46910.0,1.0,0.5106382978723404,0.5849305555555554,0.5819166666666666,0.2986879432624113,0.29714893617021265
160,1,"Transportation, storage, and distribution managers",11,1,0.47297077922077924,0.486525974025974,0.6710416666666668,0.6452500000000001,0.3173830999729438,0.30518439529220787,0.31738560267857147,0.30518739853896104,105580.0,98230.0,1.0,0.47297077922077924,0.6710416666666668,0.6452500000000001,0.3173830999729438,0.30518439529220787
1600,3,Agricultural and food scientists,19,1,0.6580615942028986,0.45551142697881825,0.6680787037037037,0.6150277777777778,0.44550208836553945,0.4096568538647343,0.44550208836553945,0.4096568538647343,80276.66666666667,70060.0,3.0,0.593862408540324,0.6574418721055748,0.6058653765799645,0.3947451421390854,0.36338925388547505
1610,4,Biological scientists,19,1,0.4350963394304248,0.46299294223954723,0.6843532986111112,0.6212239583333333,0.29912076825805145,0.27192565402357677,0.29861696382812103,0.2713210887076603,90397.5,82177.5,4.0,0.43959430343667427,0.6784541472156006,0.6141449766587207,0.2989918660791124,0.2708713786076
1640,2,Conservation scientists and foresters,19,1,0.4236438208996341,0.4035439705646826,0.6856481481481482,0.6627777777777778,0.291323514918825,0.28180520655864855,0.29076249355662964,0.2811319809240141,67970.0,63930.0,2.0,0.4464443745686877,0.6918500462240712,0.6702200554688854,0.30958406811647815,0.30006978180878374
1650,3,Other life scientists,19,1,0.5629370629370629,0.4825174825174825,0.6494097222222222,0.5792916666666668,0.36565383401320906,0.32619718822843824,0.36565383401320906,0.32619718822843824,95395.0,87070.0,2.0,0.5674467526819108,0.6620387325451896,0.5944464790542276,0.37569180835673216,0.33734081949169653
1700,2,Astronomers and physicists,19,1,0.5291193181818181,0.59375,0.6188194444444445,0.5425833333333334,0.3270867365056818,0.2866802201704545,0.3270867365056818,0.2866802201704545,145495.0,140295.0,2.0,0.617504271070615,0.6161867565173375,0.5394241078208049,0.38038805790859903,0.3329648152761958
1710,1,Atmospheric and space scientists,19,1,0.6086956521739131,0.5652173913043478,0.6097222222222223,0.5716666666666668,0.37113526570048316,0.3479710144927537,0.37113526570048316,0.3479710144927537,96880.0,94570.0,1.0,0.6086956521739131,0.6097222222222223,0.5716666666666668,0.37113526570048316,0.3479710144927537
1720,2,Chemists and materials scientists,19,1,0.45862068965517244,0.43137931034482757,0.6367708333333333,0.584125,0.29325550766283526,0.26818247126436784,0.29325550766283526,0.26818247126436784,96960.0,89760.0,2.0,0.40898550610134277,0.6191602783187587,0.5799266907244052,0.2535727055826156,0.23726388817562807
1745,1,"Environmental scientists and specialists, including health",19,1,0.7103039146935072,0.5217162952137376,0.6364236111111112,0.5737083333333334,0.4520541823756005,0.40750727505895423,0.4508821952072964,0.40625591582618326,81240.0,76530.0,1.0,0.7103039146935072,0.6364236111111112,0.5737083333333334,0.4520541823756005,0.40750727505895423
1750,2,"Geoscientists and hydrologists, except geographers",19,1,0.5045138888888889,0.48333333333333334,0.6542708333333334,0.5851249999999999,0.3298408564814815,0.29490625,0.3298408564814815,0.29490625,99165.0,83855.0,2.0,0.4891635658484209,0.6595936076863268,0.5915123292235921,0.32248300142236536,0.28914688853715426
1760,1,"Physical scientists, all other",19,1,0.4456521739130434,0.4565217391304347,0.5842361111111111,0.5010833333333333,0.260366092995169,0.22330887681159417,0.260366092995169,0.22330887681159417,113220.0,104100.0,1.0,0.4456521739130434,0.5842361111111111,0.5010833333333333,0.260366092995169,0.2233088768115942
1800,1,Economists,19,1,0.6173245614035088,0.5526315789473684,0.583576388888889,0.5002916666666666,0.36025603831627684,0.30884233369883035,0.3581085526315789,0.3062653508771929,120830.0,105630.0,1.0,0.6173245614035088,0.583576388888889,0.5002916666666666,0.36025603831627684,0.30884233369883035
1821,1,Clinical and counseling psychologists,19,1,0.5092592592592592,0.3703703703703703,0.635,0.562,0.3233796296296296,0.2862037037037037,0.3233796296296296,0.2862037037037037,99640.0,82510.0,1.0,0.5092592592592592,0.635,0.562,0.3233796296296296,0.2862037037037037
1822,1,School psychologists,19,1,0.5810810810810811,0.3918918918918919,0.6130555555555557,0.5356666666666667,0.3562349849849851,0.3112657657657658,0.3562349849849851,0.3112657657657658,82770.0,78780.0,1.0,0.5810810810810813,0.6130555555555557,0.5356666666666667,0.3562349849849851,0.3112657657657658
1825,2,Other psychologists,19,1,0.4353174603174603,0.4716269841269841,0.681875,0.6182500000000001,0.4015486111111111,0.36408055555555563,0.4015486111111111,0.36408055555555563,105665.0,104105.0,2.0,0.2947479153586024,0.681875,0.6182500000000001,0.4015486111111111,0.36408055555555563
1840,1,Urban and regional planners,19,1,0.5795454545454546,0.4772727272727273,0.6445833333333333,0.5735,0.3735653409090909,0.3323693181818182,0.3735653409090909,0.3323693181818182,81310.0,78500.0,1.0,0.5795454545454546,0.6445833333333333,0.5735,0.3735653409090909,0.3323693181818182
1860,7,Other social scientists,19,1,0.5794047655765778,0.5113176288602574,0.6283531746031746,0.5597380952380953,0.36124384110872,0.32139903163043076,0.36124384110872,0.32139903163043076,85421.42857142857,81522.85714285714,7.0,0.6457576336618959,0.6223016381196308,0.5687437169841525,0.3993292405735653,0.36461286219675904
1900,2,Agricultural and food science technicians,19,1,0.30952380952380953,0.38343253968253965,0.5988888888888888,0.5886666666666667,0.1863789682539682,0.1831785714285714,0.18629794973544972,0.18141468253968251,46360.0,43510.0,2.0,0.3114502078232648,0.602316272530003,0.5919704397502326,0.1885935236323837,0.18533517432481164
1910,1,Biological technicians,19,1,0.2666666666666666,0.4166666666666666,0.5873611111111111,0.5448333333333333,0.1566296296296296,0.14528888888888886,0.1566296296296296,0.14528888888888886,51770.0,48140.0,1.0,0.2666666666666666,0.5873611111111111,0.5448333333333333,0.1566296296296296,0.14528888888888886
1920,1,Chemical technicians,19,1,0.3928571428571428,0.3928571428571428,0.5786111111111112,0.5743333333333334,0.22731150793650792,0.22563095238095235,0.22731150793650792,0.22563095238095235,55040.0,48990.0,1.0,0.3928571428571428,0.5786111111111112,0.5743333333333334,0.22731150793650792,0.22563095238095235
1935,4,"Environmental science and geoscience technicians, and nuclear technicians",19,1,0.38561029502340477,0.38271609826487873,0.6498032407407407,0.6330972222222223,0.2196953947646063,0.2134921562337467,0.2197565532242023,0.21356554638526185,69147.5,64325.0,4.0,0.39476529967443164,0.658925836528805,0.635115276636538,0.2546229837821974,0.24522885487285628
1970,4,"Other life, physical, and social science technicians",19,1,0.40372906377539186,0.47887959101068234,0.6186631944444444,0.5973958333333333,0.23736591626613396,0.2258778434338768,0.23742749637747385,0.2259791932394133,55530.0,49992.5,4.0,0.4373289262428545,0.5997119395464984,0.5774473611311847,0.2528937452914105,0.2406327388158253
1980,2,Occupational health and safety specialists and technicians,19,1,0.38690476190476186,0.3645833333333333,0.7164930555555555,0.7197916666666667,0.2766947751322751,0.27846230158730156,0.2766947751322751,0.27846230158730156,68150.0,64340.0,2.0,0.36725014777555953,0.7280270382803758,0.7204245452416269,0.2670749334390377,0.2645599378599125
20,1,General and operations managers,11,1,0.3846153846153846,0.4807692307692308,0.73125,0.7175,0.28124999999999994,0.2759615384615384,0.28124999999999994,0.2759615384615384,115250.0,97970.0,1.0,0.3846153846153846,0.73125,0.7175,0.28124999999999994,0.2759615384615384
2001,1,Substance abuse and behavioral disorder counselors,21,1,0.27679738562091505,0.22745098039215686,0.6534375,0.584125,0.18086979166666667,0.161684272875817,0.18130013162672476,0.16220068082788672,53490.0,48520.0,1.0,0.27679738562091505,0.6534375,0.584125,0.18086979166666667,0.161684272875817
2002,1,"Educational, guidance, and career counselors and advisors",21,1,0.3245614035087719,0.2894736842105263,0.6996527777777779,0.6395833333333334,0.2270802875243665,0.20758406432748536,0.2270802875243665,0.20758406432748536,63090.0,60510.0,1.0,0.3245614035087719,0.6996527777777779,0.6395833333333334,0.22708028752436646,0.20758406432748536
2003,1,Marriage and family therapists,21,1,0.2777777777777778,0.1111111111111111,0.61625,0.5395,0.17118055555555556,0.1498611111111111,0.17118055555555556,0.1498611111111111,59660.0,49880.0,1.0,0.2777777777777778,0.61625,0.5395,0.17118055555555556,0.1498611111111111
2004,1,Mental health counselors,21,1,0.27679738562091505,0.22745098039215686,0.6534375,0.584125,0.18086979166666667,0.161684272875817,0.18130013162672476,0.16220068082788672,53490.0,48520.0,1.0,0.27679738562091505,0.6534375,0.584125,0.18086979166666667,0.161684272875817
2005,1,Rehabilitation counselors,21,1,0.4677419354838709,0.3548387096774194,0.6444444444444444,0.6133333333333334,0.3014336917562723,0.2868817204301075,0.3014336917562723,0.2868817204301075,44740.0,38560.0,1.0,0.4677419354838709,0.6444444444444444,0.6133333333333334,0.3014336917562723,0.2868817204301075
2006,1,"Counselors, all other",,0,,,,,,,,,,,,,,,,
2011,1,"Child, family, and school social workers",21,1,0.3,0.2428571428571428,0.6726388888888889,0.6471666666666667,0.20179166666666667,0.19415,0.20179166666666667,0.19415,54880.0,49150.0,1.0,0.3,0.6726388888888889,0.6471666666666667,0.20179166666666667,0.19414999999999996
2012,1,Healthcare social workers,21,1,0.421875,0.34375,0.6841666666666667,0.621,0.2886328125,0.261984375,0.2886328125,0.261984375,62310.0,60840.0,1.0,0.421875,0.6841666666666667,0.621,0.2886328125,0.261984375
2013,1,Mental health and substance abuse social workers,21,1,0.3541666666666666,0.2708333333333333,0.6763194444444445,0.6115833333333334,0.2395298032407407,0.2166024305555555,0.2395298032407407,0.2166024305555555,57800.0,49130.0,1.0,0.3541666666666666,0.6763194444444445,0.6115833333333333,0.2395298032407407,0.2166024305555555
2014,1,"Social workers, all other",,0,,,,,,,,,,,,,,,,
2015,1,Probation officers and correctional treatment specialists,21,1,0.4473684210526315,0.3947368421052631,0.6792361111111112,0.6550833333333334,0.30386878654970756,0.29306359649122804,0.30386878654970756,0.29306359649122804,63290.0,60250.0,1.0,0.44736842105263147,0.6792361111111112,0.6550833333333334,0.30386878654970756,0.29306359649122804
2016,1,Social and human service assistants,21,1,0.375,0.3928571428571428,0.6684722222222222,0.6421666666666667,0.25067708333333333,0.24081249999999998,0.25067708333333333,0.24081249999999998,40460.0,37610.0,1.0,0.375,0.6684722222222222,0.6421666666666667,0.25067708333333333,0.24081249999999998
2025,3,Other community and social service specialists,21,1,0.4236111111111111,0.4258512544802867,0.6734375000000001,0.6481250000000001,0.28576630015432103,0.27514178240740744,0.28576630015432103,0.27514178240740744,56355.0,53595.0,2.0,0.4202244760165849,0.6731527147761421,0.6477832577313707,0.28336497489774454,0.27280205371463984
2040,1,Clergy,21,1,0.238095238095238,0.3333333333333333,0.7184027777777778,0.6620833333333335,0.17104828042328038,0.15763888888888886,0.17104828042328038,0.15763888888888886,57230.0,49720.0,1.0,0.238095238095238,0.7184027777777778,0.6620833333333335,0.17104828042328038,0.15763888888888886
205,1,"Farmers, ranchers, and other agricultural managers",11,1,0.2448979591836734,0.3673469387755101,0.7283333333333333,0.7140000000000001,0.17836734693877546,0.17485714285714282,0.17836734693877546,0.17485714285714282,78440.0,73060.0,1.0,0.2448979591836734,0.7283333333333333,0.7140000000000001,0.17836734693877546,0.17485714285714282
2050,1,"Directors, religious activities and education",21,1,0.4545454545454546,0.4393939393939394,0.6811805555555556,0.6574166666666666,0.3096275252525253,0.2988257575757576,0.3096275252525253,0.2988257575757576,52880.0,46980.0,1.0,0.4545454545454546,0.6811805555555556,0.6574166666666666,0.3096275252525253,0.2988257575757576
2060,1,"Religious workers, all other",,0,,,,,,,,,,,,,,,,
2100,4,"Lawyers, and judges, magistrates, and other judicial workers",23,1,0.36053039702233247,0.46041666666666664,0.6581076388888889,0.5897291666666666,0.23624348850634133,0.21138610680314307,0.23624348850634133,0.21138610680314307,114265.0,106995.0,4.0,0.46294797400095483,0.7032745639410988,0.6439294767293184,0.32560600663984374,0.29813761316762155
2105,1,Judicial law clerks,23,1,0.4482758620689655,0.5172413793103449,0.5560416666666667,0.46725,0.24926005747126437,0.20945689655172414,0.24926005747126437,0.20945689655172414,62730.0,50750.0,1.0,0.4482758620689656,0.5560416666666667,0.46725,0.24926005747126437,0.20945689655172414
2145,1,Paralegals and legal assistants,23,1,0.45,0.525,0.47840277777777773,0.45408333333333334,0.21528124999999998,0.2043375,0.21528124999999998,0.2043375,58330.0,56230.0,1.0,0.45,0.4784027777777777,0.45408333333333334,0.21528125,0.2043375
2170,1,"Title examiners, abstractors, and searchers",23,1,0.5535714285714285,0.5714285714285714,0.5303472222222222,0.5564166666666667,0.2935850694444444,0.30801636904761903,0.2935850694444444,0.30801636904761903,52390.0,47310.0,1.0,0.5535714285714285,0.5303472222222222,0.5564166666666667,0.2935850694444444,0.30801636904761903
2180,1,"Legal support workers, all other",,0,,,,,,,,,,,,,,,,
220,1,Construction managers,11,1,0.4,0.4444444444444445,0.7645833333333333,0.7575,0.30583333333333335,0.303,0.30583333333333335,0.303,108210.0,98890.0,1.0,0.4,0.7645833333333333,0.7575,0.30583333333333335,0.303
2205,37,Postsecondary teachers,25,1,0.4685177744764159,0.48451519333883075,0.6792777777777778,0.6174190476190476,0.3173244315189547,0.2881114039531035,0.3173244315189547,0.2881114039531035,93346.28571428571,83342.0,35.0,0.45372437728217013,0.6830246681150534,0.6271249589031359,0.3086669609405487,0.2830187789642438
230,4,Education and childcare administrators,11,1,0.4819267368810052,0.44198540280857346,0.7383564814814815,0.6993611111111111,0.3556322410140531,0.3372483418406627,0.3556322410140531,0.3372483418406627,89236.66666666667,80880.0,3.0,0.46836628091441784,0.7467628236929681,0.7007490591149522,0.349380583330154,0.3279726802594244
2300,2,Preschool and kindergarten teachers,25,1,0.302563304275633,0.2300747198007472,0.6454513888888889,0.6345416666666666,0.19501818268299428,0.1918238117476131,0.19501818268299428,0.1918238117476131,50475.0,45555.0,2.0,0.3068160451034356,0.6275871565725561,0.6236799196591205,0.1923580589989068,0.1912359869355792
2310,3,Elementary and middle school teachers,25,1,0.33003339945836435,0.32707251430954093,0.6969444444444445,0.6763333333333333,0.23020145145145143,0.2234363978284034,0.23020145145145143,0.2234363978284034,67790.0,61513.333333333336,3.0,0.3200981344050224,0.6875029313579428,0.6650035176295315,0.22026871386988708,0.2131067551390609
2320,2,Secondary school teachers,25,1,0.3373015873015873,0.3333333333333333,0.7082638888888888,0.6899166666666666,0.23881420855379187,0.23260879629629627,0.23881420855379187,0.23260879629629627,69245.0,61820.0,2.0,0.34066371795866635,0.6902596792202305,0.6683116150642767,0.23512263578857817,0.22764096807290726
2330,5,Special education teachers,25,1,0.30144189144189143,0.3129620379620379,0.71546875,0.6785625,0.20620415984478482,0.19558518495393495,0.20620415984478482,0.19558518495393495,69870.0,61944.0,5.0,0.3154324223141108,0.7003409600158121,0.6720777560557493,0.20449046044011082,0.19631093189709378
2350,1,Tutors,25,1,0.3714285714285714,0.5428571428571428,0.5577083333333334,0.54925,0.2071488095238095,0.20400714285714283,0.2071488095238095,0.20400714285714283,41780.0,36470.0,1.0,0.3714285714285714,0.5577083333333334,0.54925,0.2071488095238095,0.20400714285714283
2360,4,Other teachers and instructors,25,1,0.2966013071895425,0.37517429193899776,0.6246875,0.609625,0.2524890318627451,0.24606919117647058,0.2524890318627451,0.24606919117647058,49430.0,44466.666666666664,3.0,0.20635592505313785,0.606819816200964,0.6021862091938707,0.2351220293064908,0.23315251600432468
2400,3,"Archivists, curators, and museum technicians",25,1,0.4184535412605588,0.4122807017543859,0.64,0.5813333333333333,0.26838093819940795,0.2415243123240199,0.26838093819940795,0.2415243123240199,59263.333333333336,55930.0,3.0,0.404661996903005,0.6480376200640342,0.5932410174315189,0.2636722583476668,0.23916807011533864
2435,1,Librarians and media collections specialists,25,1,0.5,0.5350877192982456,0.6378472222222222,0.5654166666666667,0.3189236111111111,0.28270833333333334,0.3189236111111111,0.28270833333333334,64180.0,61190.0,1.0,0.5,0.6378472222222222,0.5654166666666667,0.3189236111111111,0.28270833333333334
2440,1,Library technicians,25,1,0.5288461538461539,0.5673076923076923,0.539236111111111,0.5270833333333332,0.28517294337606836,0.27874599358974356,0.28517294337606836,0.27874599358974356,39070.0,36970.0,1.0,0.5288461538461539,0.539236111111111,0.5270833333333332,0.28517294337606836,0.27874599358974356
2545,2,Teaching assistants,25,1,0.3151515151515151,0.42348484848484846,0.6398611111111111,0.5678333333333332,0.23267676767676765,0.2064848484848484,0.23267676767676765,0.2064848484848484,36465.0,33700.0,2.0,0.27565475628078795,0.6398611111111111,0.5678333333333331,0.23267676767676765,0.2064848484848484
2555,3,Other educational instruction and library workers,25,1,0.5310185185185186,0.42893518518518514,0.6962152777777777,0.6354583333333332,0.3697602559156378,0.33750860339506167,0.3697602559156378,0.33750860339506167,64300.0,56865.0,2.0,0.5256543475293475,0.6877667084698335,0.6253200501638001,0.36153929136285906,0.32871628012956133
2600,5,Artists and related workers,27,1,0.3606681034482758,0.4271551724137931,0.5535590277777778,0.5242708333333334,0.20569135386733714,0.1944891073994253,0.20569135386733714,0.1944891073994253,77847.5,69107.5,4.0,0.4179087195633155,0.6019835620008223,0.5693411623502468,0.2548728535488012,0.24098263740648013
2631,1,Commercial and industrial designers,27,1,0.4137931034482758,0.4655172413793103,0.6141666666666666,0.5770000000000001,0.25413793103448273,0.23875862068965517,0.25413793103448273,0.23875862068965517,79680.0,77030.0,1.0,0.4137931034482758,0.6141666666666666,0.5770000000000001,0.25413793103448273,0.2387586206896552
2632,1,Fashion designers,27,1,0.375,0.390625,0.5402083333333334,0.52825,0.20257812500000003,0.19809375,0.20257812500000003,0.19809375,83650.0,77450.0,1.0,0.375,0.5402083333333334,0.52825,0.20257812500000003,0.19809375
2633,1,Floral designers,27,1,0.2666666666666666,0.1999999999999999,0.6154861111111111,0.6585833333333332,0.16412962962962957,0.17562222222222215,0.16412962962962957,0.17562222222222215,32100.0,29880.0,1.0,0.2666666666666666,0.6154861111111111,0.6585833333333332,0.16412962962962957,0.17562222222222215
2634,1,Graphic designers,27,1,0.4107142857142857,0.5,0.5470138888888889,0.4964166666666667,0.22466641865079365,0.20388541666666665,0.22466641865079365,0.20388541666666665,59970.0,50710.0,1.0,0.4107142857142857,0.5470138888888889,0.49641666666666673,0.22466641865079365,0.20388541666666665
2635,1,Interior designers,27,1,0.3620689655172414,0.5,0.652638888888889,0.6231666666666668,0.2363002873563219,0.2256293103448276,0.2363002873563219,0.2256293103448276,62570.0,60340.0,1.0,0.3620689655172414,0.652638888888889,0.6231666666666668,0.2363002873563219,0.2256293103448276
2636,1,Merchandise displayers and window trimmers,27,1,0.2682926829268293,0.3048780487804878,0.5569444444444444,0.5483333333333333,0.1494241192411924,0.1471138211382114,0.1494241192411924,0.1471138211382114,35520.0,32060.0,1.0,0.2682926829268293,0.5569444444444444,0.5483333333333333,0.1494241192411924,0.1471138211382114
2640,2,Other designers,27,1,0.358695652173913,0.3913043478260869,0.6491666666666667,0.579,0.2328532608695652,0.20768478260869563,0.2328532608695652,0.20768478260869563,62960.0,54860.0,1.0,0.35869565217391297,0.6491666666666667,0.579,0.23285326086956523,0.20768478260869563
2700,1,Actors,27,1,0.15625,0.1875,0.5868055555555557,0.6241666666666668,0.09168836805555558,0.09752604166666667,0.09168836805555558,0.09752604166666667,,,1.0,0.15625,0.5868055555555557,0.6241666666666668,0.09168836805555558,0.09752604166666667
2710,1,Producers and directors,27,1,0.4369885433715221,0.4695853791598472,0.6645138888888888,0.6374166666666666,0.290384956355701,0.2785437806873977,0.28981983940261863,0.2778656403436988,101950.0,79000.0,1.0,0.4369885433715221,0.6645138888888888,0.6374166666666666,0.290384956355701,0.2785437806873977
2721,1,Athletes and sports competitors,27,1,0.0,0.0,0.6304166666666666,0.6765000000000001,0.0,0.0,0.0,0.0,116930.0,77300.0,1.0,0.0,0.6304166666666666,0.6765000000000001,0.0,0.0
2722,1,Coaches and scouts,27,1,0.1444444444444444,0.3,0.7120833333333333,0.6945,0.10285648148148145,0.10031666666666664,0.10285648148148145,0.10031666666666664,50550.0,38970.0,1.0,0.1444444444444444,0.7120833333333333,0.6945,0.10285648148148145,0.10031666666666664
2723,1,"Umpires, referees, and other sports officials",27,1,0.1666666666666666,0.3125,0.5463888888888889,0.5756666666666668,0.09106481481481478,0.09594444444444443,0.09106481481481478,0.09594444444444443,51710.0,35860.0,1.0,0.1666666666666666,0.5463888888888889,0.5756666666666668,0.09106481481481478,0.09594444444444443
2740,2,Dancers and choreographers,27,1,0.106547619047619,0.14613095238095236,0.649513888888889,0.6394166666666667,0.07372780257936506,0.07225907738095236,0.07372780257936506,0.07225907738095236,49630.0,42700.0,2.0,0.10770620748299314,0.6507589285714287,0.6405535714285715,0.07461297787344102,0.0731210326318027
2751,1,Music directors and composers,27,1,0.2807017543859649,0.7105263157894737,0.6546527777777778,0.6255833333333333,0.18376218323586743,0.1756023391812865,0.18376218323586743,0.1756023391812865,65080.0,49130.0,1.0,0.2807017543859649,0.6546527777777778,0.6255833333333333,0.18376218323586743,0.1756023391812865
2752,1,Musicians and singers,27,1,0.1326530612244897,0.4081632653061224,0.513611111111111,0.4563333333333333,0.0681320861678004,0.060534013605442125,0.0681320861678004,0.060534013605442125,,,1.0,0.1326530612244897,0.513611111111111,0.4563333333333333,0.0681320861678004,0.060534013605442125
2755,1,"Disc jockeys, except radio",27,1,0.3684210526315789,0.5263157894736842,,,,,,,,,1.0,0.3684210526315789,,,,
2770,1,"Entertainers and performers, sports and related workers, all other",,0,,,,,,,,,,,,,,,,
2805,1,Broadcast announcers and radio disc jockeys,27,1,0.5375,0.65,0.6243055555555554,0.5891666666666666,0.335564236111111,0.3166770833333333,0.335564236111111,0.3166770833333333,56110.0,37630.0,1.0,0.5375,0.6243055555555554,0.5891666666666666,0.335564236111111,0.3166770833333333
2810,1,"News analysts, reporters, and journalists",27,1,0.6333333333333333,0.65,0.6381944444444445,0.6058333333333333,0.40418981481481486,0.38369444444444445,0.40418981481481486,0.38369444444444445,63230.0,48370.0,1.0,0.6333333333333333,0.6381944444444445,0.6058333333333333,0.40418981481481486,0.38369444444444445
2825,1,Public relations specialists,27,1,0.7878787878787878,0.5909090909090909,0.6122916666666667,0.57475,0.48241161616161615,0.4528333333333333,0.48241161616161615,0.4528333333333333,73250.0,62800.0,1.0,0.7878787878787878,0.6122916666666667,0.57475,0.48241161616161615,0.4528333333333333
2830,1,Editors,27,1,0.6470588235294118,0.6470588235294118,0.6125,0.575,0.39632352941176474,0.3720588235294118,0.39632352941176474,0.3720588235294118,76400.0,63350.0,1.0,0.6470588235294118,0.6125,0.575,0.39632352941176474,0.3720588235294117
2840,1,Technical writers,27,1,0.6333333333333333,0.7,0.5297916666666667,0.47575,0.3355347222222222,0.30130833333333334,0.3355347222222222,0.30130833333333334,81470.0,78060.0,1.0,0.6333333333333333,0.5297916666666667,0.47575,0.3355347222222222,0.30130833333333334
2850,1,Writers and authors,27,1,0.7742165242165242,0.8771367521367521,0.5281597222222222,0.4737916666666666,0.40890998437005377,0.3668173373694206,0.41130327041785375,0.3696892806267806,81120.0,69510.0,1.0,0.7742165242165242,0.5281597222222222,0.47379166666666656,0.40890998437005377,0.3668173373694206
2861,1,Interpreters and translators,27,1,0.84,0.88,0.6279861111111111,0.5935833333333334,0.5275083333333334,0.49861,0.5275083333333334,0.49861,58400.0,49110.0,1.0,0.84,0.6279861111111111,0.5935833333333334,0.5275083333333334,0.49861
2862,1,Court reporters and simultaneous captioners,27,1,0.5208333333333333,0.9583333333333331,0.5251388888888889,0.5101666666666667,0.27350983796296297,0.2657118055555555,0.27350983796296297,0.2657118055555555,65240.0,60380.0,1.0,0.5208333333333333,0.5251388888888889,0.5101666666666667,0.27350983796296297,0.2657118055555555
2865,1,"Media and communication workers, all other",,0,,,,,,,,,,,,,,,,
2905,5,Other media and communication equipment workers,27,1,0.22145337301587298,0.3858713624338624,0.5919212962962962,0.5903055555555555,0.15662907848324512,0.15627235449735447,0.15662907848324512,0.15627235449735447,57992.5,51382.5,4.0,0.26383604574444686,0.5961503448983254,0.5953804138779906,0.16271042964843446,0.16258415647357485
2910,1,Photographers,27,1,0.21875,0.3854166666666666,0.6128472222222223,0.6154166666666667,0.13406032986111113,0.13462239583333335,0.13406032986111113,0.13462239583333335,48210.0,38950.0,1.0,0.21875,0.6128472222222223,0.6154166666666667,0.13406032986111113,0.13462239583333335
2920,2,"Television, video, and film camera operators and editors",27,1,0.327020202020202,0.476010101010101,0.580798611111111,0.5569583333333333,0.18626753647586977,0.17483417508417506,0.18626753647586977,0.17483417508417506,68870.0,55955.0,2.0,0.3503138401192634,0.5767490627659329,0.5488904298626923,0.1984721650135988,0.18516939351424963
300,1,Architectural and engineering managers,11,1,0.3307881773399014,0.4426108374384236,0.6903819444444445,0.6484583333333334,0.22837018507115484,0.21450235016420358,0.22925319854953471,0.21446344417077173,158970.0,152350.0,1.0,0.3307881773399014,0.6903819444444445,0.6484583333333334,0.22837018507115484,0.21450235016420355
3000,1,Chiropractors,29,1,0.3181818181818182,0.4545454545454546,0.7491666666666668,0.6990000000000001,0.23837121212121215,0.22240909090909092,0.23837121212121215,0.22240909090909092,81240.0,75000.0,1.0,0.3181818181818182,0.7491666666666668,0.6990000000000001,0.23837121212121215,0.22240909090909092
3010,5,Dentists,29,1,0.14897727272727274,0.15886363636363635,0.7988020833333334,0.7585625,0.11868529829545454,0.11262690340909091,0.11868529829545454,0.11262690340909091,222407.5,130660.0,4.0,0.21660178574135552,0.7982455116447111,0.7578946139736533,0.17278989712659357,0.1640275194036412
3030,1,Dietitians and nutritionists,29,1,0.4634146341463415,0.5487804878048781,0.6620833333333332,0.5945,0.30681910569105686,0.2755,0.30681910569105686,0.2755,65620.0,61650.0,1.0,0.4634146341463415,0.6620833333333332,0.5945,0.30681910569105686,0.2755
3040,1,Optometrists,29,1,0.05,0.3,0.7180555555555556,0.6616666666666666,0.035902777777777777,0.03308333333333333,0.035902777777777777,0.03308333333333333,125440.0,124300.0,1.0,0.05,0.7180555555555556,0.6616666666666666,0.035902777777777777,0.03308333333333333
3050,1,Pharmacists,29,1,0.3999999999999999,0.4285714285714285,0.7170138888888888,0.6604166666666665,0.2868055555555555,0.26416666666666655,0.2868055555555555,0.26416666666666655,125690.0,128570.0,1.0,0.3999999999999999,0.7170138888888888,0.6604166666666665,0.2868055555555555,0.26416666666666655
3090,13,Physicians,29,1,0.35819872111608525,0.42310266110173494,0.7468066077441077,0.6961679292929293,0.27537694902072346,0.2564001030563356,0.27540945602995676,0.25643911146741555,276085.3846153846,170480.0,13.0,0.34998489342825645,0.7569979289828279,0.7083975147793936,0.26671672509880584,0.2493431183131513
310,1,Food service managers,11,1,0.3958333333333333,0.4166666666666666,0.6363888888888889,0.6836666666666666,0.25190393518518517,0.2706180555555555,0.25190393518518517,0.2706180555555555,63970.0,59440.0,1.0,0.3958333333333333,0.6363888888888889,0.6836666666666668,0.25190393518518517,0.2706180555555555
3100,4,Surgeons,29,1,0.2645969498910675,0.37363834422657954,0.7829861111111112,0.7395833333333335,0.26483353758169936,0.2501531862745099,0.26483353758169936,0.2501531862745099,288873.3333333333,,3.0,0.27546650355273977,0.7829861111111112,0.7395833333333335,0.26483353758169936,0.2501531862745099
3110,1,Physician assistants,29,1,0.1101190476190476,0.2708333333333333,0.7496180555555555,0.6995416666666666,0.08254722635582008,0.07703286210317459,0.08266658399470897,0.07717609126984126,119460.0,121530.0,1.0,0.1101190476190476,0.7496180555555555,0.6995416666666666,0.08254722635582008,0.07703286210317459
3120,1,Podiatrists,29,1,0.2857142857142857,0.2857142857142857,0.7870833333333332,0.7445,0.22488095238095235,0.21271428571428572,0.22488095238095235,0.21271428571428572,158380.0,145840.0,1.0,0.2857142857142857,0.7870833333333332,0.7445,0.22488095238095235,0.21271428571428572
3140,1,Audiologists,29,1,0.4545454545454546,0.4545454545454546,0.6940277777777779,0.6328333333333334,0.3154671717171718,0.2876515151515152,0.3154671717171718,0.2876515151515152,86050.0,78950.0,1.0,0.4545454545454546,0.6940277777777779,0.6328333333333334,0.31546717171717187,0.2876515151515152
3150,1,Occupational therapists,29,1,0.34071969696969695,0.2890151515151515,0.7363194444444445,0.6835833333333333,0.2508785379840067,0.23291030618686867,0.2507122264309764,0.2327107323232323,89470.0,85570.0,1.0,0.34071969696969695,0.7363194444444445,0.6835833333333333,0.2508785379840067,0.23291030618686867
3160,1,Physical therapists,29,1,0.3404255319148936,0.1914893617021276,0.7763888888888889,0.7316666666666666,0.26430260047281323,0.24907801418439712,0.26430260047281323,0.24907801418439712,92920.0,95620.0,1.0,0.3404255319148936,0.7763888888888889,0.7316666666666666,0.26430260047281323,0.24907801418439712
3200,1,Radiation therapists,29,1,0.1707317073170731,0.2804878048780488,0.6310416666666666,0.63725,0.10773882113821133,0.10879878048780484,0.10773882113821133,0.10879878048780484,94000.0,82790.0,1.0,0.1707317073170731,0.6310416666666666,0.63725,0.10773882113821133,0.10879878048780484
3210,1,Recreational therapists,29,1,0.3636363636363636,0.3181818181818182,0.7138888888888889,0.6966666666666665,0.25959595959595955,0.25333333333333324,0.25959595959595955,0.25333333333333324,53900.0,47940.0,1.0,0.3636363636363636,0.7138888888888889,0.6966666666666665,0.25959595959595955,0.25333333333333324
3220,1,Respiratory therapists,29,1,0.1904761904761904,0.2023809523809523,0.6369444444444445,0.6443333333333334,0.1213227513227513,0.1227301587301587,0.1213227513227513,0.1227301587301587,68190.0,61830.0,1.0,0.1904761904761904,0.6369444444444445,0.6443333333333334,0.1213227513227513,0.1227301587301587
3230,1,Speech-language pathologists,29,1,0.3902439024390244,0.4512195121951219,0.705763888888889,0.6469166666666668,0.27542005420054205,0.2524552845528456,0.27542005420054205,0.2524552845528456,85820.0,79060.0,1.0,0.3902439024390244,0.705763888888889,0.6469166666666668,0.27542005420054205,0.2524552845528456
3245,2,Other therapists,29,1,0.3747872340425532,0.3128014184397163,0.6634375,0.626125,0.2484002881205674,0.2340186436170213,0.24684923906619388,0.233061640070922,59530.0,53720.0,2.0,0.3861208636102253,0.661118447993448,0.6200841523341524,0.25505029189973344,0.23885087984212452
3250,1,Veterinarians,29,1,0.2297297297297297,0.2702702702702703,0.7738888888888888,0.7286666666666666,0.17778528528528525,0.16739639639639634,0.17778528528528525,0.16739639639639634,109920.0,100370.0,1.0,0.2297297297297297,0.7738888888888888,0.7286666666666666,0.17778528528528525,0.16739639639639634
3255,1,Registered nurses,29,1,0.33498318867776994,0.38019000703729766,0.7112916666666667,0.6855499999999999,0.23827075057992544,0.22964772499804514,0.23830696573009788,0.22876107136341123,82750.0,77600.0,1.0,0.33498318867776994,0.7112916666666667,0.6855499999999999,0.23827075057992542,0.22964772499804514
3256,1,Nurse anesthetists,29,1,0.125,0.1666666666666666,0.7582638888888888,0.7099166666666666,0.0947829861111111,0.08873958333333333,0.0947829861111111,0.08873958333333333,202470.0,195610.0,1.0,0.125,0.7582638888888888,0.7099166666666666,0.0947829861111111,0.08873958333333333
3258,2,"Nurse practitioners, and nurse midwives",29,1,0.3037488708220415,0.4358626919602529,0.7501388888888889,0.7001666666666666,0.22777545668975202,0.2125807738632941,0.22777545668975202,0.2125807738632941,116125.0,116755.0,2.0,0.31410733200715923,0.7435084167445783,0.6922101000934937,0.23353174282690362,0.21741662499085246
3261,1,Acupuncturists,29,1,0.3055555555555555,0.1666666666666666,0.7195833333333332,0.6635,0.21987268518518513,0.2027361111111111,0.21987268518518513,0.2027361111111111,71770.0,60570.0,1.0,0.3055555555555555,0.7195833333333332,0.6635,0.21987268518518513,0.2027361111111111
3270,1,"Healthcare diagnosing or treating practitioners, all other",29,1,0.3157051282051282,0.4963942307692307,0.68625,0.6234999999999999,0.21665264423076924,0.19684214743589742,0.21558204237891737,0.1955574252136752,113230.0,100300.0,1.0,0.3157051282051282,0.68625,0.6234999999999999,0.21665264423076924,0.19684214743589742
3300,1,Clinical laboratory technologists and technicians,29,1,0.14768130815544608,0.28251539408866994,0.5960243055555556,0.5552291666666667,0.08802164913688576,0.08199696965939153,0.12453324310686917,0.1158487587233169,56910.0,57800.0,1.0,0.14768130815544608,0.5960243055555556,0.5552291666666667,0.08802164913688576,0.08199696965939153
3310,1,Dental hygienists,29,1,0.09375,0.1875,0.58,0.5760000000000001,0.05437499999999999,0.054000000000000006,0.05437499999999999,0.054000000000000006,81360.0,77810.0,1.0,0.09375,0.58,0.5760000000000001,0.054375,0.05400000000000001
3321,1,Cardiovascular technologists and technicians,29,1,0.1714285714285714,0.3571428571428571,0.6204861111111112,0.6245833333333334,0.10636904761904761,0.10707142857142857,0.10636904761904761,0.10707142857142857,62020.0,60570.0,1.0,0.1714285714285714,0.6204861111111112,0.6245833333333334,0.10636904761904761,0.10707142857142857
3322,1,Diagnostic medical sonographers,29,1,0.2894736842105263,0.3026315789473684,0.5829861111111111,0.5795833333333333,0.16875913742690057,0.16777412280701756,0.16875913742690057,0.16777412280701756,80680.0,77740.0,1.0,0.2894736842105263,0.5829861111111111,0.5795833333333333,0.16875913742690057,0.16777412280701756
3323,1,Radiologic technologists and technicians,29,1,0.2807017543859649,0.3771929824561403,0.6232638888888888,0.6279166666666667,0.1749512670565302,0.17625730994152047,0.1749512670565302,0.17625730994152047,66490.0,61370.0,1.0,0.2807017543859649,0.623263888888889,0.6279166666666667,0.1749512670565302,0.17625730994152047
3324,1,Magnetic resonance imaging technologists,29,1,0.2222222222222222,0.3222222222222222,0.6246527777777778,0.6295833333333334,0.13881172839506173,0.1399074074074074,0.13881172839506173,0.1399074074074074,77820.0,77360.0,1.0,0.2222222222222222,0.6246527777777778,0.6295833333333334,0.13881172839506173,0.1399074074074074
3330,2,Nuclear medicine technologists and medical dosimetrists,29,1,0.2790322580645161,0.3701612903225806,0.6240972222222222,0.6289166666666667,0.16105734767025084,0.16230107526881718,0.16105734767025084,0.16230107526881718,104800.0,103015.0,2.0,0.26321524086241616,0.6240972222222222,0.6289166666666667,0.16105734767025084,0.16230107526881718
335,2,Entertainment and recreation managers,11,1,0.43382352941176466,0.463235294117647,0.6813888888888888,0.6976666666666667,0.3306740196078431,0.3385735294117647,0.3306740196078431,0.3385735294117647,81500.0,69455.0,2.0,0.39990954443287097,0.6813888888888888,0.6976666666666667,0.3306740196078431,0.3385735294117647
340,1,Lodging managers,11,1,0.3804347826086956,0.4565217391304347,0.7010416666666667,0.68125,0.266700634057971,0.2591711956521739,0.266700634057971,0.2591711956521739,67770.0,59430.0,1.0,0.3804347826086956,0.7010416666666667,0.68125,0.266700634057971,0.2591711956521739
3401,1,Emergency medical technicians,29,1,0.2083333333333333,0.2083333333333333,,,,,,,36690.0,35470.0,1.0,0.2083333333333333,,,,
3402,1,Paramedics,29,1,0.1923076923076923,0.1538461538461538,,,,,,,49500.0,46770.0,1.0,0.1923076923076923,,,,
3421,1,Pharmacy technicians,29,1,0.4264705882352941,0.4264705882352941,0.5719444444444445,0.5663333333333334,0.24391748366013072,0.24152450980392157,0.24391748366013072,0.24152450980392157,37970.0,36740.0,1.0,0.42647058823529416,0.5719444444444445,0.5663333333333334,0.24391748366013072,0.24152450980392157
3422,1,Psychiatric technicians,29,1,0.34,0.12,0.6315277777777778,0.6378333333333334,0.21471944444444446,0.21686333333333335,0.21471944444444446,0.21686333333333335,38000.0,36570.0,1.0,0.34,0.6315277777777778,0.6378333333333334,0.21471944444444446,0.21686333333333335
3423,1,Surgical technologists,29,1,0.0166666666666666,0.0666666666666666,0.6632638888888889,0.6759166666666667,0.011054398148148105,0.011265277777777733,0.011054398148148105,0.011265277777777733,53590.0,48530.0,1.0,0.0166666666666666,0.663263888888889,0.6759166666666668,0.011054398148148105,0.011265277777777733
3424,1,Veterinary technologists and technicians,29,1,0.1475409836065573,0.1639344262295082,0.6223611111111111,0.6268333333333334,0.09182377049180324,0.092483606557377,0.09182377049180324,0.092483606557377,38250.0,36850.0,1.0,0.1475409836065573,0.6223611111111111,0.6268333333333334,0.09182377049180324,0.092483606557377
3430,2,Dietetic technicians and ophthalmic medical technicians,29,1,0.2591533180778032,0.4362128146453089,0.6102777777777777,0.6123333333333334,0.16244092454869052,0.16383071128909227,0.16244092454869052,0.16383071128909227,37640.0,33350.0,2.0,0.18144151917193446,0.5962154249226892,0.5954585099072272,0.11137083520292639,0.11187201994287956
350,1,Medical and health services managers,11,1,0.3714285714285714,0.4285714285714285,0.6159027777777777,0.5790833333333333,0.22876388888888882,0.2150880952380952,0.22876388888888882,0.2150880952380952,119840.0,101340.0,1.0,0.3714285714285714,0.6159027777777777,0.5790833333333333,0.22876388888888882,0.2150880952380952
3500,1,Licensed practical and licensed vocational nurses,29,1,0.25,0.25,0.635625,0.64275,0.15890625,0.1606875,0.15890625,0.1606875,51850.0,48070.0,1.0,0.25,0.635625,0.64275,0.15890625,0.1606875
3515,1,Medical records specialists,29,1,0.5588235294117647,0.6176470588235294,,,,,,,48310.0,46660.0,1.0,0.5588235294117647,,,,
3520,1,"Opticians, dispensing",29,1,0.238095238095238,0.2857142857142857,0.6015972222222222,0.6019166666666667,0.14323743386243382,0.143313492063492,0.14323743386243382,0.143313492063492,43060.0,37570.0,1.0,0.238095238095238,0.6015972222222222,0.6019166666666667,0.14323743386243382,0.143313492063492
3545,3,Miscellaneous health technologists and technicians,29,1,0.1716178617040686,0.29575693304141576,0.6264737654320988,0.605101851851852,0.10741260644938407,0.10324351307040484,0.10577294748651907,0.10127592231496685,63003.333333333336,60220.0,3.0,0.25469834475756703,0.5850140701067184,0.5768751912219685,0.14814811320744747,0.14623878582342495
3550,5,Other healthcare practitioners and technical occupations,29,1,0.3718042755657955,0.37062137645755977,0.7044965277777777,0.6653958333333334,0.23446965663858022,0.2157593328003376,0.23446965663858022,0.2157593328003376,65350.0,58240.0,5.0,0.3449652945881228,0.7360363058266784,0.6985496894409938,0.20247682126295874,0.19024083593777572
360,1,Natural sciences managers,11,1,0.4865325432915346,0.5306967984934087,0.651712962962963,0.6087222222222223,0.3170795653664321,0.29616317093585254,0.3189636710915132,0.29735564282761473,156110.0,137900.0,1.0,0.48653254329153467,0.651712962962963,0.6087222222222223,0.3170795653664321,0.29616317093585254
3601,1,Home health aides,31,1,0.18589743589743585,0.14957264957264954,0.5665625,0.5998749999999999,0.105322516025641,0.11151522435897432,0.10718082264957263,0.11374519230769228,29260.0,29430.0,1.0,0.18589743589743588,0.5665625,0.5998749999999999,0.105322516025641,0.11151522435897432
3602,1,Personal care aides,31,1,0.18589743589743585,0.14957264957264954,0.5665625,0.5998749999999999,0.105322516025641,0.11151522435897432,0.10718082264957263,0.11374519230769228,29260.0,29430.0,1.0,0.18589743589743588,0.5665625,0.5998749999999999,0.105322516025641,0.11151522435897432
3603,1,Nursing assistants,31,1,0.135593220338983,0.1016949152542373,0.6252777777777777,0.6303333333333332,0.08478342749529186,0.08546892655367226,0.08478342749529186,0.08546892655367226,33250.0,30310.0,1.0,0.135593220338983,0.6252777777777777,0.6303333333333332,0.08478342749529186,0.08546892655367226
3605,2,Orderlies and psychiatric aides,31,1,0.0859375,0.0625,0.6126736111111111,0.6552083333333333,0.052294921875,0.05587890625,0.052294921875,0.05587890625,34040.0,30125.0,2.0,0.08314798339264531,0.6133257381046526,0.6559908857255832,0.05064190082542506,0.05411844231909845
3610,2,Occupational therapy assistants and aides,31,1,0.15331610680447885,0.25409130060292845,0.6675694444444444,0.6810833333333334,0.10369186046511625,0.10603229974160204,0.10369186046511625,0.10603229974160204,51395.0,47645.0,2.0,0.22078104360097128,0.6819955745436727,0.6983946894524072,0.15094114894489882,0.15463565350176203
3620,2,Physical therapist assistants and aides,31,1,0.127039627039627,0.1678321678321678,0.6119444444444444,0.6343333333333333,0.0768250615125615,0.07997562160062158,0.0768250615125615,0.07997562160062158,45555.0,45190.0,2.0,0.11781610524719671,0.6260500275633958,0.6437230981256891,0.07297274661207954,0.07531770649416732
3630,1,Massage therapists,31,1,0.1851851851851851,0.074074074074074,0.5804861111111111,0.5765833333333333,0.10749742798353905,0.10677469135802464,0.10749742798353905,0.10677469135802464,49260.0,46910.0,1.0,0.1851851851851851,0.5804861111111111,0.5765833333333333,0.10749742798353905,0.10677469135802464
3640,1,Dental assistants,31,1,0.1,0.2666666666666666,0.6315277777777777,0.6378333333333333,0.06315277777777777,0.06378333333333333,0.06315277777777777,0.06378333333333333,42510.0,38660.0,1.0,0.1,0.6315277777777777,0.6378333333333333,0.06315277777777777,0.06378333333333333
3645,1,Medical assistants,31,1,0.141025641025641,0.358974358974359,0.5875,0.585,0.08285256410256409,0.08249999999999998,0.08285256410256409,0.08249999999999998,38190.0,37190.0,1.0,0.141025641025641,0.5875,0.585,0.08285256410256409,0.08249999999999998
3646,1,Medical transcriptionists,31,1,0.2321428571428571,0.875,0.5682638888888889,0.5619166666666667,0.13191840277777775,0.13044494047619046,0.13191840277777775,0.13044494047619046,34220.0,30100.0,1.0,0.2321428571428571,0.5682638888888889,0.5619166666666667,0.13191840277777775,0.13044494047619046
3647,1,Pharmacy aides,31,1,0.14,0.38,0.5275694444444445,0.5530833333333334,0.07385972222222224,0.07743166666666668,0.07385972222222224,0.07743166666666668,34560.0,29930.0,1.0,0.14,0.5275694444444445,0.5530833333333334,0.07385972222222224,0.07743166666666668
3648,1,Veterinary assistants and laboratory animal caretakers,31,1,0.1481481481481481,0.2222222222222222,0.5950694444444445,0.6340833333333333,0.08815843621399176,0.09393827160493824,0.08815843621399176,0.09393827160493824,31780.0,29780.0,1.0,0.1481481481481481,0.5950694444444445,0.6340833333333333,0.08815843621399178,0.09393827160493824
3649,1,Phlebotomists,31,1,0.1097560975609756,0.1829268292682926,0.6521527777777778,0.6625833333333334,0.07157774390243901,0.07272256097560975,0.07157774390243901,0.07272256097560975,38450.0,37380.0,1.0,0.1097560975609756,0.6521527777777778,0.6625833333333334,0.07157774390243901,0.07272256097560975
3655,2,Other healthcare support workers,31,1,0.0711500974658869,0.23812134502923976,0.5901736111111111,0.6082083333333332,0.041892598007364064,0.04247384665367119,0.039721545375785115,0.039868583495776454,41555.0,37980.0,2.0,0.08065299270505938,0.5893707861579588,0.60167353166647,0.04744383493301224,0.04778863495341199
3700,1,First-line supervisors of correctional officers,33,1,0.2826086956521739,0.2826086956521739,0.7583333333333333,0.79,0.21431159420289853,0.22326086956521737,0.21431159420289853,0.22326086956521737,69750.0,62220.0,1.0,0.2826086956521739,0.7583333333333333,0.79,0.21431159420289853,0.22326086956521737
3710,1,First-line supervisors of police and detectives,33,1,0.3552631578947368,0.3289473684210526,0.7717361111111112,0.8060833333333334,0.2741694078947368,0.28637171052631577,0.2741694078947368,0.28637171052631577,98760.0,99330.0,1.0,0.3552631578947368,0.7717361111111112,0.8060833333333334,0.2741694078947368,0.28637171052631577
3720,1,First-line supervisors of firefighting and prevention workers,33,1,0.4056603773584905,0.4150943396226415,0.7975694444444444,0.8370833333333334,0.32354232180293496,0.3395715408805031,0.32354232180293496,0.3395715408805031,83270.0,78230.0,1.0,0.4056603773584904,0.7975694444444444,0.8370833333333334,0.32354232180293496,0.3395715408805031
3725,2,"Miscellaneous first-line supervisors, protective service workers",33,1,0.2619047619047618,0.4047619047619047,,,,,,,55080.0,50240.0,1.0,0.2619047619047618,,,,
3740,1,Firefighters,33,1,0.087719298245614,0.1403508771929824,0.7550694444444445,0.7860833333333334,0.0662341617933723,0.06895467836257307,0.0662341617933723,0.06895467836257307,55290.0,50700.0,1.0,0.087719298245614,0.7550694444444445,0.7860833333333334,0.0662341617933723,0.06895467836257307
3750,2,Fire inspectors,33,1,0.3798076923076923,0.2536057692307693,0.7246874999999999,0.7496250000000001,0.27516159188034184,0.2846169871794872,0.27516159188034184,0.2846169871794872,62010.0,53600.0,2.0,0.38308201585403656,0.7133128638137274,0.7359754365764729,0.2732142789045855,0.28188729278301816
3801,1,Bailiffs,33,1,0.1607142857142857,0.0357142857142857,0.5922222222222223,0.5906666666666668,0.09517857142857143,0.09492857142857143,0.09517857142857143,0.09492857142857143,52340.0,48320.0,1.0,0.1607142857142857,0.5922222222222223,0.5906666666666668,0.09517857142857143,0.09492857142857143
3802,1,Correctional officers and jailers,33,1,0.2386363636363636,0.2613636363636363,0.6507638888888888,0.7009166666666666,0.15529592803030298,0.16726420454545451,0.15529592803030298,0.16726420454545451,53420.0,47920.0,1.0,0.23863636363636362,0.6507638888888888,0.7009166666666666,0.15529592803030298,0.16726420454545451
3820,1,Detectives and criminal investigators,33,1,0.3477375565610859,0.397410759175465,0.6881712962962964,0.6924722222222223,0.23930300506954916,0.24079859854198085,0.23756097599296125,0.2380505467571644,90370.0,83640.0,1.0,0.34773755656108596,0.6881712962962964,0.6924722222222222,0.23930300506954916,0.24079859854198085
3840,2,Fish and game wardens and parking enforcement officers,33,1,0.23980186480186477,0.30230186480186483,0.6563194444444445,0.6675833333333334,0.14793671895234395,0.15197627719502718,0.14793671895234395,0.15197627719502718,52120.0,53660.0,2.0,0.24390002334290062,0.6503744514966306,0.6624803714151388,0.14920079969412217,0.1534884397503844
3870,2,Police officers,33,1,0.3424158456486042,0.300595238095238,0.7168576388888889,0.7402291666666667,0.24742617607986678,0.25582150981800766,0.2472012549033023,0.25555160440613023,70160.0,64770.0,2.0,0.2483522217070071,0.6964368305421434,0.7157241966505722,0.17300354035688226,0.17780198182341783
3900,1,Animal control workers,33,1,0.1333333333333333,0.35,0.6608333333333333,0.713,0.08811111111111108,0.09506666666666665,0.08811111111111108,0.09506666666666665,42620.0,39160.0,1.0,0.1333333333333333,0.6608333333333333,0.713,0.08811111111111108,0.09506666666666665
3910,1,Private detectives and investigators,33,1,0.3888888888888888,0.3888888888888888,0.5875694444444445,0.5850833333333334,0.22849922839506168,0.22753240740740738,0.22849922839506168,0.22753240740740738,60970.0,59380.0,1.0,0.3888888888888888,0.5875694444444446,0.5850833333333334,0.22849922839506168,0.22753240740740738
3930,2,Security guards and gambling surveillance officers,33,1,0.28124999999999994,0.3020833333333333,0.5974305555555556,0.6369166666666666,0.16780598958333331,0.1788671874999999,0.16780598958333331,0.1788671874999999,36955.0,33460.0,2.0,0.2505386667792063,0.6043917910856021,0.6452701493027223,0.15141594820820836,0.16165604450751345
3940,1,Crossing guards and flaggers,33,1,0.2631578947368421,0.1052631578947368,0.6011111111111112,0.6413333333333334,0.158187134502924,0.1687719298245614,0.158187134502924,0.1687719298245614,35670.0,31450.0,1.0,0.2631578947368421,0.6011111111111112,0.6413333333333334,0.158187134502924,0.1687719298245614
3945,1,Transportation security screeners,33,1,0.23,0.26,0.5380555555555556,0.5656666666666668,0.1237527777777778,0.13010333333333335,0.1237527777777778,0.13010333333333335,46380.0,45470.0,1.0,0.23,0.5380555555555556,0.5656666666666668,0.1237527777777778,0.13010333333333335
3946,1,School bus monitors,33,1,0.1944444444444444,0.1666666666666666,,,,,,,30220.0,29100.0,1.0,0.1944444444444444,,,,
3960,2,Other protective service workers,33,1,0.25073170731707317,0.22902439024390245,0.6243750000000001,0.6692499999999999,0.15442723577235773,0.1652541463414634,0.15442723577235773,0.1652541463414634,34740.0,31920.0,2.0,0.24471903389928826,0.6259258719499242,0.6711110463399088,0.15106192557896292,0.16169678798281245
40,1,Advertising and promotions managers,11,1,0.5465116279069767,0.4767441860465116,0.638888888888889,0.6066666666666667,0.34916020671834624,0.3315503875968992,0.34916020671834624,0.3315503875968992,142860.0,127150.0,1.0,0.5465116279069767,0.638888888888889,0.6066666666666667,0.34916020671834624,0.3315503875968992
4000,1,Chefs and head cooks,35,1,0.2619047619047618,0.2619047619047618,0.6917361111111111,0.7100833333333334,0.18116898148148142,0.1859742063492063,0.18116898148148142,0.1859742063492063,56920.0,50160.0,1.0,0.2619047619047618,0.6917361111111111,0.7100833333333334,0.18116898148148142,0.1859742063492063
4010,1,First-line supervisors of food preparation and serving workers,35,1,0.2555555555555555,0.5111111111111112,0.6638888888888889,0.7166666666666666,0.16966049382716045,0.18314814814814806,0.16966049382716045,0.18314814814814806,39150.0,36570.0,1.0,0.2555555555555555,0.6638888888888889,0.7166666666666666,0.16966049382716045,0.18314814814814806
4020,6,Cooks,35,1,0.10282886152940598,0.09105684995340166,0.5338194444444445,0.5605833333333334,0.0540430454047514,0.054595871879138655,0.0540430454047514,0.054595871879138655,32002.0,31116.0,5.0,0.08040175071748225,0.5242428354974573,0.5614730500371626,0.04238150392111114,0.04474969720108279
4030,1,Food preparation workers,35,1,0.0462962962962962,0.037037037037037,0.5280555555555556,0.5936666666666668,0.0244470164609053,0.027484567901234516,0.0244470164609053,0.027484567901234516,28810.0,28780.0,1.0,0.0462962962962962,0.5280555555555556,0.5936666666666668,0.0244470164609053,0.027484567901234512
4040,1,Bartenders,35,1,0.1388888888888889,0.1944444444444444,0.47513888888888894,0.49016666666666664,0.06599151234567903,0.0680787037037037,0.06599151234567903,0.0680787037037037,30340.0,26350.0,1.0,0.1388888888888889,0.47513888888888894,0.49016666666666664,0.06599151234567903,0.0680787037037037
4055,1,Fast food and counter workers,35,1,0.1154057017543859,0.0970394736842105,0.46770833333333334,0.52125,0.05397620842470757,0.06015522203947365,0.05330051474171538,0.059344389619883,26060.0,25100.0,1.0,0.1154057017543859,0.46770833333333334,0.52125,0.05397620842470757,0.06015522203947365
410,1,"Property, real estate, and community association managers",11,1,0.4318181818181818,0.4431818181818182,0.6654166666666668,0.6385000000000001,0.2873390151515152,0.27571590909090915,0.2873390151515152,0.27571590909090915,70030.0,59230.0,1.0,0.4318181818181818,0.6654166666666668,0.6385000000000001,0.2873390151515152,0.27571590909090915
4110,1,Waiters and waitresses,35,1,0.2244897959183673,0.183673469387755,0.480625,0.49674999999999997,0.10789540816326529,0.11151530612244895,0.10789540816326529,0.11151530612244895,29010.0,26000.0,1.0,0.2244897959183673,0.480625,0.49674999999999997,0.1078954081632653,0.11151530612244895
4120,1,"Food servers, nonrestaurant",35,1,0.1111111111111111,0.1296296296296296,0.5924305555555557,0.6309166666666668,0.06582561728395063,0.07010185185185186,0.06582561728395063,0.07010185185185186,29500.0,28730.0,1.0,0.1111111111111111,0.5924305555555557,0.6309166666666668,0.06582561728395063,0.07010185185185186
4130,1,Dining room and cafeteria attendants and bartender helpers,35,1,0.0,0.0,0.493125,0.55175,0.0,0.0,0.0,0.0,27690.0,27170.0,1.0,0.0,0.493125,0.55175,0.0,0.0
4140,1,Dishwashers,35,1,0.0,0.0,0.4440277777777777,0.4928333333333333,0.0,0.0,0.0,0.0,27350.0,28130.0,1.0,0.0,0.4440277777777777,0.4928333333333333,0.0,0.0
4150,1,"Hosts and hostesses, restaurant, lounge, and coffee shop",35,1,0.3285714285714285,0.2285714285714285,0.5485416666666666,0.57825,0.180235119047619,0.18999642857142854,0.180235119047619,0.18999642857142854,26000.0,24600.0,1.0,0.3285714285714285,0.5485416666666666,0.57825,0.180235119047619,0.18999642857142854
4160,1,"Food preparation and serving related workers, all other",,0,,,,,,,,,,,,,,,,
420,1,Social and community service managers,11,1,0.4464285714285714,0.3928571428571428,0.6738888888888889,0.6486666666666666,0.30084325396825395,0.2895833333333333,0.30084325396825395,0.2895833333333333,76790.0,74000.0,1.0,0.4464285714285714,0.6738888888888889,0.6486666666666666,0.30084325396825395,0.2895833333333333
4200,1,First-line supervisors of housekeeping and janitorial workers,37,1,0.2551020408163265,0.2653061224489795,0.6202777777777778,0.6643333333333333,0.15823412698412695,0.16947278911564623,0.15823412698412695,0.16947278911564623,45100.0,39630.0,1.0,0.2551020408163265,0.6202777777777778,0.6643333333333333,0.15823412698412695,0.16947278911564623
4210,1,"First-line supervisors of landscaping, lawn service, and groundskeeping workers",37,1,0.2454545454545454,0.3545454545454545,0.7269444444444444,0.7523333333333333,0.17843181818181814,0.1846636363636363,0.17843181818181814,0.1846636363636363,53270.0,48800.0,1.0,0.2454545454545454,0.7269444444444444,0.7523333333333333,0.17843181818181814,0.1846636363636363
4220,2,Janitors and building cleaners,37,1,0.0277777777777777,0.0,0.5531944444444443,0.5838333333333332,0.015366512345678965,0.016217592592592544,0.015366512345678965,0.016217592592592544,31860.0,29760.0,1.0,0.0277777777777777,0.5531944444444443,0.5838333333333332,0.015366512345678965,0.016217592592592544
4230,1,Maids and housekeeping cleaners,37,1,0.0588235294117647,0.0,0.4161111111111111,0.4593333333333333,0.024477124183006533,0.027019607843137252,0.024477124183006533,0.027019607843137252,29580.0,28780.0,1.0,0.0588235294117647,0.4161111111111111,0.4593333333333333,0.024477124183006533,0.027019607843137255
4240,1,Pest control workers,37,1,0.2291666666666666,0.25,0.5915972222222222,0.6299166666666666,0.13557436342592588,0.1443559027777777,0.13557436342592588,0.1443559027777777,40640.0,37540.0,1.0,0.2291666666666666,0.5915972222222222,0.6299166666666666,0.13557436342592588,0.1443559027777777
425,1,Emergency management directors,11,1,0.6,0.4222222222222222,0.7083333333333333,0.69,0.42499999999999993,0.414,0.42499999999999993,0.414,84800.0,76730.0,1.0,0.6,0.7083333333333333,0.69,0.42499999999999993,0.414
4251,1,Landscaping and groundskeeping workers,37,1,0.024390243902439,0.024390243902439,0.5097916666666666,0.57175,0.012433943089430882,0.013945121951219499,0.012433943089430882,0.013945121951219499,35240.0,34430.0,1.0,0.024390243902439004,0.5097916666666666,0.57175,0.012433943089430882,0.013945121951219499
4252,1,Tree trimmers and pruners,37,1,0.0609756097560975,0.0609756097560975,0.6863888888888888,0.7436666666666666,0.04185298102981025,0.0453455284552845,0.04185298102981025,0.0453455284552845,47450.0,46970.0,1.0,0.0609756097560975,0.6863888888888888,0.7436666666666666,0.04185298102981025,0.0453455284552845
4255,2,Other grounds maintenance workers,37,1,0.0555555555555555,0.0555555555555555,0.6095833333333334,0.6515000000000001,0.03386574074074071,0.03619444444444441,0.03386574074074071,0.03619444444444441,40500.0,38270.0,1.0,0.0555555555555555,0.6095833333333334,0.6515000000000001,0.03386574074074071,0.03619444444444441
4330,3,Supervisors of personal care and service workers,39,1,0.34690423007119914,0.4049688212573875,0.6285763888888889,0.6542916666666667,0.2201522435897436,0.22899701591511937,0.2201522435897436,0.22899701591511937,48483.333333333336,44800.0,3.0,0.3522884251097072,0.6597373912302049,0.6781590689121177,0.23646340532773463,0.24298249637242494
4340,1,Animal trainers,39,1,0.1379310344827586,0.1034482758620689,0.6633333333333333,0.716,0.09149425287356319,0.09875862068965514,0.09149425287356319,0.09875862068965514,38230.0,31280.0,1.0,0.1379310344827586,0.6633333333333333,0.716,0.09149425287356319,0.09875862068965514
4350,1,Animal caretakers,39,1,0.1818181818181818,0.2727272727272727,0.6317361111111112,0.6780833333333334,0.11486111111111111,0.12328787878787878,0.11486111111111111,0.12328787878787878,29520.0,28600.0,1.0,0.1818181818181818,0.6317361111111112,0.6780833333333334,0.11486111111111111,0.12328787878787878
440,4,Other managers,11,1,0.44472420528714585,0.4739426174077801,0.671328125,0.6822604166666667,0.29981441454665014,0.3054285576832417,0.29917902124008117,0.30472651216596364,88502.5,84815.0,4.0,0.4649164203614264,0.6672313879205661,0.6500891346335029,0.3102974077180496,0.3023544625054552
4400,3,Gambling services workers,39,1,0.18970893970893965,0.20218295218295218,0.49517361111111113,0.5142083333333334,0.09363233425733423,0.09718208593208591,0.09363233425733423,0.09718208593208591,29035.0,26245.0,2.0,0.1570157373877529,0.501117646832007,0.5213411761984084,0.07857115991936924,0.08172413291222284
4420,1,"Ushers, lobby attendants, and ticket takers",39,1,0.1999999999999999,0.1428571428571428,0.45451388888888894,0.4654166666666667,0.09090277777777775,0.0930833333333333,0.09090277777777775,0.0930833333333333,26390.0,24440.0,1.0,0.1999999999999999,0.45451388888888894,0.4654166666666667,0.09090277777777776,0.0930833333333333
4435,5,Other entertainment attendants and related workers,39,1,0.2056036481439707,0.18044041531944754,0.5142881944444444,0.5471458333333333,0.10986491822345315,0.1190434561704723,0.10986491822345315,0.1190434561704723,35972.5,32567.5,4.0,0.3544190764379671,0.5451720809452711,0.6120868612435582,0.19367824864515495,0.21790127452982977
4461,3,"Embalmers, crematory operators and funeral attendants",39,1,0.13277777777777777,0.08648148148148144,0.6845138888888889,0.7214166666666668,0.08726018518518518,0.0929788888888889,0.08726018518518518,0.0929788888888889,40833.333333333336,38166.666666666664,3.0,0.20722279792746112,0.6339320067469,0.6762654540481402,0.13178447757111597,0.14101839715536107
4465,1,"Morticians, undertakers, and funeral arrangers",39,1,0.0930232558139534,0.1627906976744186,0.7257638888888889,0.7509166666666667,0.06751291989664077,0.06985271317829451,0.06751291989664077,0.06985271317829451,56360.0,48950.0,1.0,0.0930232558139534,0.7257638888888889,0.7509166666666667,0.06751291989664077,0.06985271317829451
4500,1,Barbers,39,1,0.0735294117647058,0.1617647058823529,0.581388888888889,0.5776666666666668,0.04274918300653591,0.042475490196078394,0.04274918300653591,0.042475490196078394,35700.0,29970.0,1.0,0.0735294117647058,0.581388888888889,0.5776666666666668,0.0427491830065359,0.042475490196078394
4510,1,"Hairdressers, hairstylists, and cosmetologists",39,1,0.0526315789473684,0.0789473684210526,0.6246527777777778,0.6295833333333334,0.03287646198830408,0.03313596491228069,0.03287646198830408,0.03313596491228069,35990.0,29670.0,1.0,0.0526315789473684,0.6246527777777778,0.6295833333333334,0.03287646198830408,0.03313596491228069
4521,1,Manicurists and pedicurists,39,1,0.0555555555555555,0.0833333333333333,0.49291666666666667,0.5115,0.02738425925925923,0.028416666666666635,0.02738425925925923,0.028416666666666635,30480.0,29210.0,1.0,0.0555555555555555,0.49291666666666667,0.5115,0.02738425925925923,0.028416666666666635
4522,1,Skincare specialists,39,1,0.106060606060606,0.1969696969696969,0.5595833333333333,0.5515,0.05934974747474744,0.05849242424242421,0.05934974747474744,0.05849242424242421,41700.0,37300.0,1.0,0.106060606060606,0.5595833333333333,0.5515,0.05934974747474744,0.05849242424242421
4525,2,Other personal appearance workers,39,1,0.15766550522648082,0.24216027874564455,0.5764236111111112,0.5917083333333333,0.09596950009678666,0.09767211091753772,0.09596950009678666,0.09767211091753772,74770.0,79595.0,2.0,0.10077308362369336,0.5375045814043211,0.5581999421296296,0.05703917651000665,0.05872527352319652
4530,2,"Baggage porters, bellhops, and concierges",39,1,0.4888888888888889,0.3074074074074074,0.6279861111111111,0.6535833333333334,0.30666358024691354,0.31488518518518516,0.30666358024691354,0.31488518518518516,33780.0,32165.0,2.0,0.5397444588237711,0.6275846197695198,0.6482836476243298,0.33840388718277026,0.34553258064405684
4540,1,Tour and travel guides,39,1,0.3730769230769231,0.32461538461538464,0.6471180555555556,0.6765416666666667,0.24142481303418806,0.25240208333333336,0.24174545940170944,0.25332532051282053,33200.0,29780.0,1.0,0.37307692307692314,0.6471180555555556,0.6765416666666667,0.24142481303418806,0.25240208333333336
4600,1,Childcare workers,39,1,0.3404484029484029,0.1414312039312039,0.6033333333333333,0.6439999999999999,0.20540386977886974,0.21924877149877142,0.20538721249658742,0.21922878276003271,27680.0,27490.0,1.0,0.3404484029484029,0.6033333333333334,0.6439999999999999,0.20540386977886974,0.21924877149877142
4621,1,Exercise trainers and group fitness instructors,39,1,0.2352941176470588,0.0147058823529411,0.6243055555555557,0.6291666666666668,0.1468954248366013,0.1480392156862745,0.1468954248366013,0.1480392156862745,45870.0,40700.0,1.0,0.2352941176470588,0.6243055555555557,0.6291666666666668,0.1468954248366013,0.1480392156862745
4622,1,Recreation workers,39,1,0.25,0.238095238095238,0.6752777777777779,0.6503333333333333,0.16881944444444447,0.16258333333333333,0.16881944444444447,0.16258333333333333,32020.0,29680.0,1.0,0.25,0.6752777777777779,0.6503333333333333,0.16881944444444447,0.16258333333333333
4640,1,Residential advisors,39,1,0.28,0.24,0.6702777777777779,0.6843333333333333,0.18767777777777783,0.19161333333333336,0.18767777777777783,0.19161333333333336,34950.0,31220.0,1.0,0.28,0.6702777777777779,0.6843333333333333,0.18767777777777783,0.19161333333333339
4655,1,"Personal care and service workers, all other",,0,,,,,,,,,,,,,,,,
4700,1,First-line supervisors of retail sales workers,41,1,0.4054054054054054,0.4864864864864865,0.5890277777777777,0.6268333333333332,0.238795045045045,0.25412162162162155,0.238795045045045,0.25412162162162155,46890.0,39230.0,1.0,0.4054054054054054,0.5890277777777777,0.6268333333333332,0.238795045045045,0.25412162162162155
4710,1,First-line supervisors of non-retail sales workers,41,1,0.4444444444444444,0.537037037037037,0.7077083333333333,0.6892499999999999,0.314537037037037,0.3063333333333333,0.314537037037037,0.3063333333333333,92320.0,79680.0,1.0,0.44444444444444436,0.7077083333333333,0.6892499999999999,0.314537037037037,0.3063333333333333
4720,2,Cashiers,41,1,0.3349944629014396,0.23560354374307857,0.4828472222222222,0.4994166666666666,0.161333710163652,0.16680089516426722,0.161333710163652,0.16680089516426722,27950.0,27930.0,2.0,0.36020316758954174,0.4666268821296133,0.47995225855553586,0.16807193908072027,0.17287007348970093
4740,1,Counter and rental clerks,41,1,0.6774193548387096,0.532258064516129,0.5511805555555557,0.5814166666666667,0.37338037634408605,0.3938629032258064,0.37338037634408605,0.3938629032258064,36170.0,31330.0,1.0,0.6774193548387096,0.5511805555555557,0.5814166666666667,0.37338037634408605,0.3938629032258064
4750,1,Parts salespersons,41,1,0.3428571428571428,0.3428571428571428,0.5781944444444445,0.6138333333333335,0.1982380952380952,0.21045714285714287,0.1982380952380952,0.21045714285714287,36920.0,34260.0,1.0,0.3428571428571428,0.5781944444444445,0.6138333333333335,0.1982380952380952,0.21045714285714287
4760,1,Retail salespersons,41,1,0.3552631578947368,0.3421052631578947,0.5515972222222223,0.5819166666666667,0.19596217105263158,0.20673355263157894,0.19596217105263158,0.20673355263157894,31920.0,29120.0,1.0,0.35526315789473684,0.5515972222222223,0.5819166666666667,0.19596217105263158,0.20673355263157894
4800,1,Advertising sales agents,41,1,0.6923076923076923,0.5384615384615384,0.6267361111111112,0.5920833333333334,0.4338942307692308,0.4099038461538462,0.4338942307692308,0.4099038461538462,66540.0,52340.0,1.0,0.6923076923076923,0.6267361111111112,0.5920833333333334,0.4338942307692307,0.4099038461538462
4810,1,Insurance sales agents,41,1,0.5303030303030303,0.5757575757575758,0.5922916666666667,0.5507500000000001,0.3140940656565656,0.292064393939394,0.3140940656565656,0.292064393939394,69340.0,49840.0,1.0,0.5303030303030303,0.5922916666666667,0.5507500000000001,0.3140940656565656,0.292064393939394
4820,1,"Securities, commodities, and financial services sales agents",41,1,0.5192307692307693,0.6057692307692308,0.5931944444444445,0.5518333333333334,0.3080048076923077,0.2865288461538462,0.3080048076923077,0.2865288461538462,93260.0,62910.0,1.0,0.5192307692307693,0.5931944444444445,0.5518333333333334,0.3080048076923077,0.2865288461538462
4830,1,Travel agents,41,1,0.5625,0.5625,0.5115277777777778,0.4938333333333334,0.287734375,0.27778125000000004,0.287734375,0.27778125000000004,46580.0,43810.0,1.0,0.5625,0.5115277777777778,0.49383333333333346,0.287734375,0.27778125000000004
4840,1,"Sales representatives of services, except advertising, insurance, financial services, and travel",41,1,0.5666666666666667,0.6333333333333333,,,,,,,71110.0,60550.0,1.0,0.5666666666666667,,,,
4850,2,"Sales representatives, wholesale and manufacturing",41,1,0.640222904741961,0.5595013727953837,0.6357986111111111,0.6129583333333333,0.40638378210945136,0.3909603663502257,0.40642384621201544,0.3910421814649355,87570.0,78220.0,2.0,0.6833710714858107,0.6293045930504462,0.5986939642505993,0.4296597074909359,0.4082760189154651
4900,2,"Models, demonstrators, and product promoters",41,1,0.39871794871794874,0.18076923076923074,0.4784722222222223,0.49416666666666675,0.1907078881766382,0.19695202991452992,0.1907078881766382,0.19695202991452992,36990.0,32350.0,2.0,0.3975560521952274,0.5262406930126002,0.5514888316151204,0.20919809965235228,0.2192332354072045
4920,2,Real estate brokers and sales agents,41,1,0.41629464285714285,0.46875,0.6663888888888889,0.6596666666666666,0.2775226314484127,0.2746343005952381,0.2775226314484127,0.2746343005952381,73985.0,55175.0,2.0,0.41312469757936154,0.6553433906765308,0.6577731526874053,0.27081203340342064,0.27175493363458675
4930,1,Sales engineers,41,1,0.5340909090909091,0.5113636363636364,0.6186805555555555,0.5824166666666666,0.3304316603535353,0.3110634469696969,0.3304316603535353,0.3110634469696969,118630.0,103710.0,1.0,0.5340909090909091,0.6186805555555555,0.5824166666666667,0.3304316603535353,0.3110634469696969
4940,1,Telemarketers,41,1,0.5277777777777778,0.8055555555555555,0.4497222222222223,0.45966666666666667,0.23735339506172845,0.24260185185185185,0.23735339506172845,0.24260185185185185,30670.0,28910.0,1.0,0.5277777777777778,0.44972222222222236,0.45966666666666667,0.23735339506172845,0.24260185185185182
4950,1,"Door-to-door sales workers, news and street vendors, and related workers",41,1,0.5217391304347826,0.2608695652173913,0.49152777777777773,0.5498333333333333,0.2564492753623188,0.28686956521739126,0.2564492753623188,0.28686956521739126,34970.0,29390.0,1.0,0.5217391304347826,0.49152777777777773,0.5498333333333333,0.2564492753623188,0.28686956521739126
4965,1,"Sales and related workers, all other",,0,,,,,,,,,,,,,,,,
500,1,"Agents and business managers of artists, performers, and athletes",13,1,0.3695652173913043,0.5434782608695652,0.5815972222222222,0.5379166666666666,0.21493810386473428,0.19879528985507242,0.21493810386473428,0.19879528985507242,116410.0,78410.0,1.0,0.3695652173913043,0.5815972222222222,0.5379166666666666,0.21493810386473425,0.19879528985507242
5000,1,First-line supervisors of office and administrative support workers,43,1,0.53125,0.4895833333333333,0.5873611111111111,0.5848333333333333,0.3120355902777778,0.31069270833333335,0.3120355902777778,0.31069270833333335,63380.0,60590.0,1.0,0.53125,0.5873611111111111,0.5848333333333333,0.3120355902777778,0.31069270833333335
5010,1,"Switchboard operators, including answering service",43,1,0.4838709677419355,0.6290322580645161,0.495625,0.51475,0.23981854838709676,0.24907258064516133,0.23981854838709676,0.24907258064516133,34590.0,30150.0,1.0,0.4838709677419355,0.49562500000000004,0.51475,0.23981854838709676,0.24907258064516133
5020,1,Telephone operators,43,1,0.5526315789473684,0.894736842105263,0.37951388888888893,0.37541666666666673,0.20973135964912282,0.2074671052631579,0.20973135964912282,0.2074671052631579,39370.0,37630.0,1.0,0.5526315789473684,0.37951388888888893,0.37541666666666673,0.20973135964912282,0.2074671052631579
5040,1,"Communications equipment operators, all other",,0,,,,,,,,,,,,,,,,
51,1,Marketing managers,11,1,0.578125,0.5,0.6475,0.617,0.3743359375,0.356703125,0.3743359375,0.356703125,153440.0,135030.0,1.0,0.578125,0.6475,0.617,0.3743359375,0.356703125
510,1,"Buyers and purchasing agents, farm products",13,1,0.3394736842105263,0.48937621832358674,0.6263425925925926,0.6049444444444444,0.21262682748538012,0.2053627192982456,0.21160154727095518,0.20493940058479532,72540.0,63470.0,1.0,0.3394736842105263,0.6263425925925926,0.6049444444444444,0.21262682748538012,0.2053627192982456
5100,1,Bill and account collectors,43,1,0.4285714285714285,0.6964285714285714,0.44111111111111106,0.4493333333333333,0.189047619047619,0.19257142857142853,0.189047619047619,0.19257142857142853,41280.0,37700.0,1.0,0.4285714285714285,0.44111111111111106,0.4493333333333333,0.189047619047619,0.19257142857142853
5110,1,Billing and posting clerks,43,1,0.4166666666666666,0.7738095238095237,0.46354166666666663,0.43625,0.19314236111111105,0.1817708333333333,0.19314236111111105,0.1817708333333333,42750.0,38330.0,1.0,0.4166666666666666,0.46354166666666663,0.43625,0.19314236111111105,0.1817708333333333
5120,1,"Bookkeeping, accounting, and auditing clerks",43,1,0.313953488372093,0.8023255813953488,0.5127083333333333,0.49524999999999997,0.16096656976744186,0.15548546511627906,0.16096656976744186,0.15548546511627906,45140.0,45560.0,1.0,0.313953488372093,0.5127083333333333,0.49524999999999997,0.16096656976744186,0.15548546511627906
5140,1,Payroll and timekeeping clerks,43,1,0.4864864864864865,0.8378378378378379,0.47125,0.44549999999999995,0.22925675675675677,0.21672972972972973,0.22925675675675677,0.21672972972972973,49560.0,47610.0,1.0,0.4864864864864865,0.47125000000000006,0.44549999999999995,0.2292567567567568,0.21672972972972973
5150,1,Procurement clerks,43,1,0.4571428571428571,0.6142857142857142,0.495,0.514,0.22628571428571426,0.23497142857142855,0.22628571428571426,0.23497142857142855,44930.0,45150.0,1.0,0.4571428571428571,0.495,0.514,0.22628571428571426,0.23497142857142855
5160,1,Tellers,43,1,0.3333333333333333,0.5416666666666666,0.5684722222222223,0.6021666666666666,0.18949074074074074,0.2007222222222222,0.18949074074074074,0.2007222222222222,34930.0,36310.0,1.0,0.3333333333333333,0.5684722222222223,0.6021666666666666,0.18949074074074074,0.2007222222222222
5165,2,Other financial clerks,43,1,0.4193548387096774,0.4193548387096774,0.5035416666666667,0.52425,0.21116263440860214,0.21984677419354837,0.21116263440860214,0.21984677419354837,30770.0,29360.0,1.0,0.4193548387096774,0.5035416666666667,0.52425,0.21116263440860214,0.21984677419354837
52,1,Sales managers,11,1,0.4833333333333333,0.45,0.5975,0.557,0.28879166666666667,0.26921666666666666,0.28879166666666667,0.26921666666666666,142390.0,127490.0,1.0,0.48333333333333334,0.5975,0.557,0.28879166666666667,0.26921666666666666
520,1,"Wholesale and retail buyers, except farm products",13,1,0.3394736842105263,0.48937621832358674,0.6263425925925926,0.6049444444444444,0.21262682748538012,0.2053627192982456,0.21160154727095518,0.20493940058479532,72540.0,63470.0,1.0,0.3394736842105263,0.6263425925925926,0.6049444444444444,0.21262682748538012,0.2053627192982456
5220,1,"Court, municipal, and license clerks",43,1,0.5909090909090908,0.7,0.5084027777777778,0.5300833333333332,0.3004198232323232,0.3132310606060605,0.3004198232323232,0.3132310606060605,44870.0,44610.0,1.0,0.5909090909090908,0.5084027777777778,0.5300833333333332,0.3004198232323232,0.3132310606060605
5230,1,"Credit authorizers, checkers, and clerks",43,1,0.5750000000000001,0.65,0.5429861111111112,0.5715833333333333,0.31221701388888895,0.3286604166666667,0.31221701388888895,0.3286604166666667,44540.0,44710.0,1.0,0.5750000000000001,0.5429861111111112,0.5715833333333333,0.31221701388888895,0.3286604166666667
5240,1,Customer service representatives,43,1,0.7045454545454546,0.5681818181818182,0.4465972222222223,0.4559166666666667,0.314648042929293,0.3212140151515152,0.314648042929293,0.3212140151515152,39070.0,36920.0,1.0,0.7045454545454546,0.44659722222222226,0.4559166666666667,0.314648042929293,0.3212140151515152
5250,1,"Eligibility interviewers, government programs",43,1,0.62,0.68,0.5309027777777778,0.5170833333333333,0.32915972222222223,0.32059166666666666,0.32915972222222223,0.32059166666666666,48570.0,47420.0,1.0,0.62,0.5309027777777778,0.5170833333333333,0.32915972222222223,0.32059166666666666
5260,1,File clerks,43,1,0.4705882352941176,0.7941176470588235,0.46930555555555564,0.4831666666666667,0.2208496732026144,0.22737254901960782,0.2208496732026144,0.22737254901960782,36820.0,36360.0,1.0,0.47058823529411753,0.46930555555555564,0.48316666666666663,0.2208496732026144,0.22737254901960782
530,1,"Purchasing agents, except wholesale, retail, and farm products",13,1,0.3394736842105263,0.48937621832358674,0.6263425925925926,0.6049444444444444,0.21262682748538012,0.2053627192982456,0.21160154727095518,0.20493940058479532,72540.0,63470.0,1.0,0.3394736842105263,0.6263425925925926,0.6049444444444444,0.21262682748538012,0.2053627192982456
5300,1,"Hotel, motel, and resort desk clerks",43,1,0.3974358974358974,0.5,0.5632638888888889,0.5959166666666667,0.22386128917378917,0.2368386752136752,0.22386128917378917,0.2368386752136752,28040.0,28080.0,1.0,0.39743589743589747,0.5632638888888889,0.5959166666666667,0.22386128917378917,0.2368386752136752
5310,1,"Interviewers, except eligibility and loan",43,1,0.4310344827586206,0.6724137931034483,0.5872916666666667,0.58475,0.2531429597701149,0.2520474137931034,0.2531429597701149,0.2520474137931034,38840.0,37220.0,1.0,0.43103448275862066,0.5872916666666667,0.58475,0.2531429597701149,0.2520474137931034
5320,1,"Library assistants, clerical",43,1,0.4396551724137931,0.5344827586206896,0.5302777777777777,0.5563333333333332,0.23313936781609193,0.24459482758620685,0.23313936781609193,0.24459482758620685,32490.0,29450.0,1.0,0.43965517241379304,0.5302777777777777,0.5563333333333332,0.2331393678160919,0.24459482758620685
5330,1,Loan interviewers and clerks,43,1,0.5,0.59375,0.5505555555555555,0.5406666666666666,0.27527777777777773,0.2703333333333333,0.27527777777777773,0.2703333333333333,44910.0,45940.0,1.0,0.5,0.5505555555555555,0.5406666666666666,0.27527777777777773,0.2703333333333333
5340,1,New accounts clerks,43,1,0.6,0.56,0.5210416666666666,0.50525,0.312625,0.30315,0.312625,0.30315,41250.0,37840.0,1.0,0.6,0.5210416666666666,0.50525,0.312625,0.30315
5350,2,Correspondence clerks and order clerks,43,1,0.6660714285714285,0.8392857142857142,0.5153125000000001,0.5383749999999998,0.3422874503968254,0.3574592261904761,0.3422874503968254,0.3574592261904761,41765.0,37920.0,2.0,0.6066207406956821,0.528215798697356,0.5538589584368271,0.3202462863974866,0.3357658844213293
5360,1,"Human resources assistants, except payroll and timekeeping",43,1,0.4655172413793103,0.6206896551724138,0.5297916666666667,0.51575,0.24662715517241376,0.24009051724137928,0.24662715517241376,0.24009051724137928,44840.0,45630.0,1.0,0.4655172413793103,0.5297916666666667,0.51575,0.24662715517241376,0.24009051724137928
540,2,"Claims adjusters, appraisers, examiners, and investigators",13,1,0.495,0.51,0.5530902777777779,0.5237083333333334,0.2737802083333334,0.25933625000000005,0.2737802083333334,0.25933625000000005,69570.0,63880.0,2.0,0.49039472321027733,0.5529943345113253,0.5051720942546996,0.2711855825975681,0.24774898982399193
5400,1,Receptionists and information clerks,43,1,0.5833333333333334,0.5333333333333333,0.4873611111111111,0.5048333333333334,0.2842939814814815,0.29448611111111117,0.2842939814814815,0.29448611111111117,32910.0,29950.0,1.0,0.5833333333333334,0.4873611111111111,0.5048333333333334,0.2842939814814815,0.29448611111111117
5410,1,Reservation and transportation ticket agents and travel clerks,43,1,0.5285714285714286,0.4571428571428571,0.5538194444444445,0.5845833333333333,0.29273313492063496,0.30899404761904764,0.29273313492063496,0.30899404761904764,45630.0,39900.0,1.0,0.5285714285714286,0.5538194444444445,0.5845833333333333,0.29273313492063496,0.30899404761904764
5420,2,Other information and records clerks,43,1,0.8,0.7666666666666666,0.4940972222222222,0.47291666666666665,0.3952777777777778,0.37833333333333335,0.3952777777777778,0.37833333333333335,57710.0,54000.0,1.0,0.8,0.49409722222222213,0.47291666666666665,0.3952777777777778,0.37833333333333335
5500,1,Cargo and freight agents,43,1,0.4288164665523156,0.5273013150371642,0.5619097222222222,0.5942916666666667,0.2409561416047265,0.25484205260148657,0.2382950376405565,0.25164872784448256,48420.0,46910.0,1.0,0.4288164665523156,0.5619097222222222,0.5942916666666667,0.24095614160472648,0.25484205260148657
5510,1,Couriers and messengers,43,1,0.1551724137931034,0.3103448275862069,0.5843055555555555,0.6211666666666666,0.09066810344827583,0.09638793103448272,0.09066810344827583,0.09638793103448272,34270.0,33050.0,1.0,0.1551724137931034,0.5843055555555555,0.6211666666666666,0.09066810344827583,0.09638793103448272
5521,1,Public safety telecommunicators,43,1,0.59375,0.65625,0.5236111111111111,0.5483333333333333,0.3108940972222222,0.32557291666666666,0.3108940972222222,0.32557291666666666,47030.0,46670.0,1.0,0.59375,0.5236111111111111,0.5483333333333333,0.3108940972222222,0.32557291666666666
5522,1,"Dispatchers, except police, fire, and ambulance",43,1,0.6521739130434783,0.6739130434782609,0.6259027777777778,0.6710833333333334,0.40819746376811594,0.4376630434782609,0.40819746376811594,0.4376630434782609,46650.0,44050.0,1.0,0.6521739130434783,0.6259027777777778,0.6710833333333334,0.40819746376811594,0.4376630434782609
5530,1,"Meter readers, utilities",43,1,0.3541666666666666,0.4374999999999999,0.5566666666666666,0.588,0.1971527777777777,0.20824999999999994,0.1971527777777777,0.20824999999999994,47430.0,45720.0,1.0,0.3541666666666666,0.5566666666666666,0.588,0.1971527777777777,0.20824999999999994
5540,1,Postal service clerks,43,1,0.2777777777777778,0.3148148148148147,0.48243055555555564,0.4989166666666667,0.13400848765432102,0.13858796296296297,0.13400848765432102,0.13858796296296297,53210.0,52290.0,1.0,0.2777777777777778,0.4824305555555556,0.4989166666666667,0.13400848765432102,0.13858796296296297
5550,1,Postal service mail carriers,43,1,0.3461538461538461,0.2307692307692307,0.5136805555555557,0.5364166666666668,0.1778125,0.1856826923076923,0.1778125,0.1856826923076923,54370.0,52440.0,1.0,0.3461538461538461,0.5136805555555557,0.5364166666666668,0.1778125,0.1856826923076923
5560,1,"Postal service mail sorters, processors, and processing machine operators",43,1,0.125,0.1,0.42902777777777773,0.43483333333333335,0.053628472222222216,0.05435416666666667,0.053628472222222216,0.05435416666666667,51010.0,48550.0,1.0,0.125,0.42902777777777773,0.43483333333333335,0.053628472222222216,0.05435416666666667
5600,1,"Production, planning, and expediting clerks",43,1,0.5192307692307693,0.5961538461538461,0.5805555555555555,0.6166666666666667,0.3014423076923077,0.3201923076923077,0.3014423076923077,0.3201923076923077,52220.0,48040.0,1.0,0.5192307692307693,0.5805555555555555,0.6166666666666667,0.3014423076923077,0.3201923076923077
5610,1,"Shipping, receiving, and inventory clerks",43,1,0.3571428571428571,0.5,0.5652083333333333,0.5982500000000001,0.20186011904761902,0.2136607142857143,0.20186011904761902,0.2136607142857143,38210.0,36890.0,1.0,0.3571428571428571,0.5652083333333333,0.5982500000000001,0.20186011904761902,0.21366071428571426
5630,1,"Weighers, measurers, checkers, and samplers, recordkeeping",43,1,0.2758620689655172,0.293103448275862,0.5299305555555557,0.5559166666666667,0.14618773946360153,0.15335632183908043,0.14618773946360153,0.15335632183908043,39540.0,37610.0,1.0,0.2758620689655172,0.5299305555555557,0.5559166666666667,0.14618773946360153,0.15335632183908043
565,1,Compliance officers,13,1,0.5265367802901109,0.5263042749310427,0.5961904761904763,0.5782857142857143,0.31391621377296136,0.30448869808776696,0.31054267350192805,0.29999566465211963,75810.0,71650.0,1.0,0.5265367802901109,0.5961904761904763,0.5782857142857143,0.31391621377296136,0.30448869808776696
5710,1,Executive secretaries and executive administrative assistants,43,1,0.7432432432432433,0.6486486486486487,0.5000694444444443,0.4800833333333333,0.3716732357357357,0.35681869369369373,0.3716732357357357,0.35681869369369373,66870.0,62060.0,1.0,0.7432432432432433,0.5000694444444443,0.48008333333333336,0.3716732357357357,0.35681869369369373
5720,1,Legal secretaries and administrative assistants,43,1,0.7608695652173912,0.6956521739130435,0.5063194444444443,0.4875833333333333,0.38524305555555544,0.37098731884057967,0.38524305555555544,0.37098731884057967,52540.0,47710.0,1.0,0.7608695652173912,0.5063194444444443,0.4875833333333333,0.38524305555555544,0.37098731884057967
5730,1,Medical secretaries and administrative assistants,43,1,0.611111111111111,0.6666666666666666,0.5115277777777777,0.5338333333333333,0.31260030864197524,0.3262314814814814,0.31260030864197524,0.3262314814814814,39740.0,37450.0,1.0,0.611111111111111,0.5115277777777777,0.5338333333333333,0.31260030864197524,0.3262314814814814
5740,1,"Secretaries and administrative assistants, except legal, medical, and executive",43,1,0.5673076923076923,0.6442307692307693,0.49111111111111105,0.5093333333333333,0.2786111111111111,0.2889487179487179,0.2786111111111111,0.2889487179487179,41080.0,37880.0,1.0,0.5673076923076923,0.49111111111111105,0.5093333333333333,0.2786111111111111,0.2889487179487179
5810,1,Data entry keyers,43,1,0.4999999999999999,0.8928571428571428,0.48666666666666664,0.504,0.24333333333333326,0.25199999999999995,0.24333333333333326,0.25199999999999995,35940.0,35630.0,1.0,0.4999999999999999,0.4866666666666666,0.504,0.24333333333333323,0.25199999999999995
5820,1,Word processors and typists,43,1,0.4864864864864865,0.7432432432432433,0.44958333333333333,0.4595,0.21871621621621623,0.22354054054054057,0.21871621621621623,0.22354054054054057,43370.0,44030.0,1.0,0.4864864864864865,0.44958333333333333,0.45949999999999996,0.2187162162162162,0.22354054054054057
5840,1,Insurance claims and policy processing clerks,43,1,0.5119047619047619,0.8333333333333333,0.425625,0.43075,0.21787946428571425,0.22050297619047618,0.21787946428571425,0.22050297619047618,45790.0,45520.0,1.0,0.5119047619047619,0.425625,0.43075,0.21787946428571425,0.22050297619047618
5850,1,"Mail clerks and mail machine operators, except postal service",43,1,0.1216216216216216,0.2162162162162162,0.5681944444444444,0.6018333333333333,0.06910472972972972,0.07319594594594593,0.06910472972972972,0.07319594594594593,34390.0,32550.0,1.0,0.12162162162162161,0.5681944444444444,0.6018333333333333,0.06910472972972972,0.07319594594594593
5860,1,"Office clerks, general",43,1,0.5,0.5757575757575758,0.48041666666666666,0.4965,0.24020833333333333,0.24825,0.24020833333333333,0.24825,38990.0,37030.0,1.0,0.5,0.48041666666666666,0.49649999999999994,0.24020833333333333,0.24824999999999997
5900,1,"Office machine operators, except computer",43,1,0.1764705882352941,0.3970588235294117,0.43347222222222226,0.44016666666666665,0.07649509803921568,0.07767647058823528,0.07649509803921568,0.07767647058823528,37110.0,36630.0,1.0,0.1764705882352941,0.43347222222222226,0.44016666666666665,0.07649509803921568,0.07767647058823528
5910,1,Proofreaders and copy markers,43,1,0.6000000000000001,0.975,0.48444444444444434,0.42133333333333334,0.29066666666666663,0.2528,0.29066666666666663,0.2528,46010.0,43940.0,1.0,0.6000000000000001,0.48444444444444434,0.42133333333333334,0.29066666666666663,0.2528
5920,1,Statistical assistants,43,1,0.6739130434782609,0.8913043478260869,0.5377083333333333,0.48524999999999996,0.36236865942028984,0.3270163043478261,0.36236865942028984,0.3270163043478261,53420.0,48160.0,1.0,0.6739130434782609,0.5377083333333333,0.48524999999999996,0.36236865942028984,0.3270163043478261
5940,2,Other office and administrative support workers,43,1,0.4838709677419355,0.6451612903225806,0.4973611111111111,0.4768333333333333,0.24065860215053764,0.2307258064516129,0.24065860215053764,0.2307258064516129,50930.0,46910.0,1.0,0.4838709677419355,0.4973611111111111,0.4768333333333333,0.24065860215053764,0.2307258064516129
60,2,Public relations and fundraising managers,11,1,0.5375000000000001,0.55625,,,,,,,128700.0,113295.0,2.0,0.5540552745664741,,,,
600,1,Cost estimators,13,1,0.4807692307692308,0.5,0.6053472222222223,0.5664166666666667,0.2910323183760684,0.27231570512820513,0.2910323183760684,0.27231570512820513,73740.0,65170.0,1.0,0.4807692307692307,0.6053472222222223,0.5664166666666667,0.2910323183760684,0.27231570512820513
6005,1,"First-line supervisors of farming, fishing, and forestry workers",45,1,0.1578947368421052,0.2807017543859649,0.690625,0.70875,0.1090460526315789,0.11190789473684205,0.1090460526315789,0.11190789473684205,54450.0,48640.0,1.0,0.1578947368421052,0.690625,0.70875,0.1090460526315789,0.11190789473684205
6010,1,Agricultural inspectors,45,1,0.2916666666666666,0.2916666666666666,0.5988194444444445,0.6385833333333334,0.17465567129629625,0.1862534722222222,0.17465567129629625,0.1862534722222222,47430.0,45140.0,1.0,0.2916666666666666,0.5988194444444445,0.6385833333333334,0.17465567129629625,0.1862534722222222
6040,1,"Graders and sorters, agricultural products",45,1,0.05,0.1,0.43770833333333337,0.48524999999999996,0.02188541666666667,0.0242625,0.02188541666666667,0.0242625,30400.0,29630.0,1.0,0.05,0.43770833333333337,0.48525,0.02188541666666667,0.0242625
6050,5,Other agricultural workers,45,1,0.05632778679653677,0.09300595238095236,0.5342013888888889,0.5810416666666667,0.030897460467772957,0.03328501533189032,0.030897460467772957,0.03328501533189032,35785.0,33927.5,4.0,0.06659129966310068,0.5065510668104509,0.5637143838449493,0.033848168349472,0.03763043954778081
6115,1,Fishing and hunting workers,45,1,0.0087719298245614,0.043859649122807,0.5475694444444446,0.6170833333333333,0.00480324074074074,0.00541301169590643,0.00480324074074074,0.00541301169590643,,,,,,,,
6120,1,Forest and conservation workers,45,1,0.0652173913043478,0.0434782608695652,0.716875,0.7402500000000001,0.04675271739130433,0.04827717391304346,0.04675271739130433,0.04827717391304346,33690.0,30550.0,1.0,0.0652173913043478,0.716875,0.7402500000000001,0.04675271739130433,0.04827717391304346
6130,4,Logging workers,45,1,0.1151315789473684,0.14309210526315785,0.5786574074074075,0.6410555555555555,0.06698084186159843,0.07366648391812863,0.06698084186159843,0.07366648391812863,46413.333333333336,43973.333333333336,3.0,0.0798531221039849,0.5760713291843755,0.6473268822100788,0.04611018280512681,0.05151303456443933
6200,1,First-line supervisors of construction trades and extraction workers,47,1,0.2333333333333333,0.41666666666666663,0.7512152777777779,0.7814583333333334,0.1752835648148148,0.18234027777777775,0.1742314814814815,0.18107777777777778,75060.0,72010.0,1.0,0.2333333333333333,0.7512152777777779,0.7814583333333334,0.1752835648148148,0.18234027777777775
6210,1,Boilermakers,47,1,0.0,0.0303030303030303,0.6616666666666667,0.674,0.0,0.0,0.0,0.0,69070.0,64290.0,1.0,0.0,0.6616666666666667,0.674,0.0,0.0
6220,3,"Brickmasons, blockmasons, stonemasons, and reinforcing iron and rebar workers",47,1,0.0,0.036630036630036604,0.6532407407407408,0.6905555555555555,0.0,0.0,0.0,0.0,56853.333333333336,51926.666666666664,3.0,0.0,0.6559865685551597,0.702759647290156,0.0,0.0
6230,1,Carpenters,47,1,0.0888888888888888,0.1444444444444444,0.6740972222222221,0.7289166666666667,0.05991975308641968,0.06479259259259253,0.05991975308641968,0.06479259259259253,55190.0,48260.0,1.0,0.0888888888888888,0.6740972222222221,0.7289166666666667,0.05991975308641968,0.06479259259259253
6240,4,"Carpet, floor, and tile installers and finishers",47,1,0.0171875,0.05535714285714285,0.5672222222222222,0.6106666666666667,0.0099443359375,0.010558203124999999,0.0099443359375,0.010558203124999999,50075.0,45412.5,4.0,0.025863590142361528,0.5705608642049155,0.6067498404912868,0.014817979217759302,0.015712487849922237
6250,2,"Cement masons, concrete finishers, and terrazzo workers",47,1,0.01136363636363635,0.0,0.5796874999999999,0.6356249999999999,0.006238952020202012,0.006577651515151507,0.006238952020202012,0.006577651515151507,54640.0,48010.0,2.0,0.000317057704502219,0.6094917829211584,0.690832117945466,0.0001740734869301766,0.00018352356795603441
6260,1,Construction laborers,47,1,0.025,0.05,0.6170138888888889,0.6604166666666665,0.015425347222222222,0.016510416666666663,0.015425347222222222,0.016510416666666663,44130.0,37770.0,1.0,0.025,0.6170138888888889,0.6604166666666665,0.015425347222222222,0.016510416666666663
630,3,Human resources workers,13,1,0.34409503843466105,0.44482379954078066,0.6568981481481481,0.6549444444444444,0.22086744894789967,0.20998573258793385,0.22086744894789967,0.20998573258793385,67396.66666666667,62356.666666666664,3.0,0.5770354110934351,0.6439947738112982,0.612837450936553,0.371657381735851,0.3536631923080716
6305,3,Construction equipment operators,47,1,0.0289855072463768,0.0181159420289855,0.685787037037037,0.7429444444444444,0.021378824476650553,0.023335748792270527,0.021378824476650553,0.023335748792270527,60940.0,57193.333333333336,3.0,0.07774579073818359,0.724755298747,0.7897063584964,0.057342919682656104,0.06259184036013266
6330,2,"Drywall installers, ceiling tile installers, and tapers",47,1,0.01041666666666665,0.0208333333333333,0.5571527777777778,0.5885833333333333,0.006037326388888879,0.006411458333333323,0.006037326388888879,0.006411458333333323,59975.0,54560.0,2.0,0.018112778026571102,0.5737250709061054,0.6084700850873265,0.010497864264566835,0.011148414875354512
6355,1,Electricians,47,1,0.1463414634146341,0.1463414634146341,0.725,0.75,0.10609756097560973,0.10975609756097558,0.10609756097560973,0.10975609756097558,63310.0,60040.0,1.0,0.1463414634146341,0.725,0.75,0.10609756097560973,0.10975609756097558
6360,1,Glaziers,47,1,0.03125,0.0833333333333333,0.6986111111111112,0.7583333333333334,0.021831597222222224,0.02369791666666667,0.021831597222222224,0.02369791666666667,51950.0,47180.0,1.0,0.03125,0.6986111111111112,0.7583333333333334,0.021831597222222224,0.02369791666666667
640,1,"Compensation, benefits, and job analysis specialists",13,1,0.4736842105263157,0.4736842105263157,0.5544444444444445,0.5053333333333334,0.2626315789473684,0.23936842105263156,0.2626315789473684,0.23936842105263156,73810.0,64120.0,1.0,0.47368421052631576,0.5544444444444445,0.5053333333333334,0.2626315789473684,0.23936842105263156
6400,2,Insulation workers,47,1,0.0727272727272727,0.0477272727272727,0.6098958333333333,0.651875,0.0434214015151515,0.04628749999999998,0.0434214015151515,0.04628749999999998,50535.0,44070.0,2.0,0.07382528384755553,0.6085160756096168,0.6502192907315403,0.04399072790609538,0.04688285077951
6410,2,Painters and paperhangers,47,1,0.01428571428571425,0.042084942084942054,0.5607638888888888,0.5929166666666666,0.00829861111111109,0.008815476190476169,0.00829861111111109,0.008815476190476169,49350.0,46600.0,2.0,0.028262705155944836,0.5804675635184501,0.6165610762221402,0.016417883932602677,0.017440444306647627
6441,1,Pipelayers,47,1,0.0,0.0357142857142857,0.7059722222222221,0.7671666666666667,0.0,0.0,0.0,0.0,48510.0,45980.0,1.0,0.0,0.7059722222222221,0.7671666666666667,0.0,0.0
6442,1,"Plumbers, pipefitters, and steamfitters",47,1,0.06436314363143625,0.0753161698283649,0.6894791666666666,0.707375,0.044377046635049634,0.04552887872628721,0.044408545995182125,0.045566677958446204,63350.0,59880.0,1.0,0.06436314363143625,0.6894791666666666,0.707375,0.044377046635049634,0.04552887872628721
6460,1,Plasterers and stucco masons,47,1,0.0384615384615384,0.0769230769230769,0.5385416666666667,0.60625,0.020713141025640994,0.023317307692307655,0.020713141025640994,0.023317307692307655,54810.0,48340.0,1.0,0.0384615384615384,0.5385416666666667,0.60625,0.020713141025640994,0.023317307692307655
650,1,Training and development specialists,13,1,0.5921052631578947,0.5526315789473684,0.6302777777777777,0.5963333333333333,0.37319078947368417,0.3530921052631578,0.37319078947368417,0.3530921052631578,67620.0,61570.0,1.0,0.5921052631578947,0.6302777777777777,0.5963333333333333,0.37319078947368417,0.3530921052631578
6515,1,Roofers,47,1,0.0,0.04,0.6582638888888889,0.7099166666666666,0.0,0.0,0.0,0.0,48890.0,47110.0,1.0,0.0,0.6582638888888889,0.7099166666666666,0.0,0.0
6520,1,Sheet metal workers,47,1,0.0394736842105263,0.0657894736842105,0.5831944444444445,0.6198333333333333,0.023020833333333324,0.024467105263157884,0.023020833333333324,0.024467105263157884,58760.0,53440.0,1.0,0.0394736842105263,0.5831944444444445,0.6198333333333333,0.023020833333333324,0.024467105263157884
6530,1,Structural iron and steel workers,47,1,0.0,0.0285714285714285,0.6861805555555556,0.7434166666666667,0.0,0.0,0.0,0.0,61270.0,58550.0,1.0,0.0,0.6861805555555556,0.7434166666666667,0.0,0.0
6540,1,Solar photovoltaic installers,47,1,0.11,0.11,0.6005555555555555,0.6406666666666666,0.06606111111111111,0.07047333333333333,0.06606111111111111,0.07047333333333333,50710.0,47670.0,1.0,0.11,0.6005555555555555,0.6406666666666666,0.06606111111111111,0.07047333333333333
6600,7,"Helpers, construction trades",47,1,0.0,0.0040650406504065,0.5975231481481481,0.6436944444444445,0.0,0.0,0.0,0.0,37508.333333333336,36061.666666666664,6.0,0.0,0.5996261213189805,0.6415424368968077,0.0,0.0
6660,1,Construction and building inspectors,47,1,0.28238015138772077,0.33410428931875524,0.6439236111111111,0.6527083333333332,0.1818312467876834,0.18431187797869356,0.17887706172320342,0.18076685590131764,68480.0,61640.0,1.0,0.28238015138772077,0.6439236111111111,0.6527083333333332,0.1818312467876834,0.18431187797869356
6700,1,Elevator and Escalator installers and repairers,47,1,0.0789473684210526,0.1842105263157894,0.7049305555555556,0.7259166666666667,0.05565241228070174,0.05730921052631577,0.05565241228070174,0.05730921052631577,91320.0,97860.0,1.0,0.0789473684210526,0.7049305555555556,0.7259166666666667,0.05565241228070173,0.05730921052631577
6710,1,Fence erectors,47,1,0.0256410256410256,0.0512820512820512,0.6940972222222223,0.7529166666666667,0.017797364672364643,0.019305555555555524,0.017797364672364643,0.019305555555555524,41140.0,37700.0,1.0,0.0256410256410256,0.6940972222222223,0.7529166666666667,0.017797364672364643,0.019305555555555524
6720,1,Hazardous materials removal workers,47,1,0.032258064516129,0.0806451612903225,0.6419444444444444,0.6503333333333333,0.020707885304659474,0.02097849462365589,0.020707885304659474,0.02097849462365589,49280.0,46300.0,1.0,0.032258064516129,0.6419444444444444,0.6503333333333333,0.020707885304659474,0.02097849462365589
6730,1,Highway maintenance workers,47,1,0.0,0.0161290322580645,0.6557638888888888,0.7069166666666666,0.0,0.0,0.0,0.0,44340.0,45880.0,1.0,0.0,0.6557638888888888,0.7069166666666666,0.0,0.0
6740,1,Rail-track laying and maintenance equipment operators,47,1,0.0,0.0,0.7011805555555556,0.7614166666666666,0.0,0.0,0.0,0.0,60770.0,61690.0,1.0,0.0,0.7011805555555556,0.7614166666666666,0.0,0.0
6765,2,Other construction and related workers,47,1,0.11770833333333333,0.09947916666666665,0.6312326388888889,0.6974791666666667,0.07434584780092593,0.08167335069444445,0.07446838831018518,0.08182039930555554,45380.0,42330.0,2.0,0.1186338315978054,0.6313043985369313,0.6967926883887583,0.07493849922126737,0.08223806223873772
6800,4,"Derrick, rotary drill, and service unit operators, and roustabouts, oil and gas",47,1,0.0428692699490662,0.029286926994906596,0.7067708333333333,0.788125,0.031209795321637413,0.0340222127900396,0.031209795321637413,0.0340222127900396,53592.5,47735.0,4.0,0.05860017331471861,0.7103668569078102,0.7920607743328706,0.04249136574468717,0.04630162502844711
6825,2,Surface mining machine operators and earth drillers,47,1,0.0568181818181818,0.06818181818181815,0.6189583333333334,0.66275,0.03503393308080807,0.03749526515151514,0.03503393308080807,0.03749526515151514,51725.0,47495.0,2.0,0.03484966120835685,0.6198712474120084,0.66384549689441,0.02148820429645837,0.02299787225908149
6835,1,"Explosives workers, ordnance handling experts, and blasters",47,1,0.1145833333333333,0.1354166666666666,0.6891666666666667,0.747,0.07896701388888887,0.08559374999999998,0.07896701388888887,0.08559374999999998,57070.0,53040.0,1.0,0.11458333333333329,0.6891666666666667,0.747,0.07896701388888887,0.08559374999999998
6850,4,Underground mining machine operators,47,1,0.047131782945736424,0.0077519379844961,0.593287037037037,0.6319444444444443,0.027563641257536603,0.029305826873385007,0.027563641257536603,0.029305826873385007,57976.666666666664,59323.333333333336,3.0,0.05924949155539835,0.6047136076784959,0.6456563292141951,0.03564391567434,0.03803273948477613
6950,3,Other extraction workers,47,1,0.07107023411371235,0.03846153846153845,0.5892708333333333,0.6471250000000001,0.041205929487179466,0.04529995819397992,0.041205929487179466,0.04529995819397992,41245.0,37730.0,2.0,0.07021166752710374,0.6061557206775328,0.6644530201342282,0.04190001413575238,0.045975864739287546
700,1,Logisticians,13,1,0.5965664590292197,0.5278605318327264,0.5902546296296296,0.5483055555555556,0.3521261143237517,0.3271007037438269,0.3508928222141976,0.325620753212362,79230.0,77030.0,1.0,0.5965664590292197,0.5902546296296296,0.5483055555555556,0.35212611432375174,0.3271007037438269
7000,1,"First-line supervisors of mechanics, installers, and repairers",49,1,0.2692307692307692,0.4102564102564102,0.6938194444444444,0.7125833333333333,0.18679754273504273,0.19184935897435898,0.18679754273504273,0.19184935897435898,73590.0,71260.0,1.0,0.2692307692307692,0.6938194444444444,0.7125833333333333,0.18679754273504273,0.19184935897435898
7010,1,"Computer, automated teller, and office machine repairers",49,1,0.2040816326530612,0.3673469387755101,0.5699305555555555,0.5639166666666666,0.11631235827664396,0.11508503401360543,0.11631235827664396,0.11508503401360543,44170.0,40970.0,1.0,0.2040816326530612,0.5699305555555555,0.5639166666666666,0.11631235827664395,0.11508503401360544
7020,2,Radio and telecommunications equipment installers and repairers,49,1,0.14322916666666666,0.19419642857142855,0.6382291666666666,0.645875,0.09118634259259258,0.0922361111111111,0.09118634259259258,0.0922361111111111,61425.0,60365.0,2.0,0.19432670571311136,0.6350003946341667,0.6420004735610001,0.12333582802935086,0.12468378894964768
7030,1,Avionics technicians,49,1,0.14,0.24,0.6092361111111111,0.6110833333333333,0.08529305555555557,0.08555166666666668,0.08529305555555557,0.08555166666666668,69860.0,69280.0,1.0,0.14,0.6092361111111111,0.6110833333333333,0.08529305555555557,0.08555166666666668
7040,1,"Electric motor, power tool, and related repairers",49,1,0.0192307692307692,0.1057692307692307,0.628125,0.63375,0.012079326923076904,0.012187499999999981,0.012079326923076904,0.012187499999999981,48740.0,46910.0,1.0,0.0192307692307692,0.628125,0.63375,0.012079326923076904,0.012187499999999981
705,1,Project management specialists,13,1,0.4,0.55,,,,,,,98420.0,94500.0,1.0,0.4,,,,
710,1,Management analysts,13,1,0.5,0.4047619047619047,0.6141666666666666,0.5770000000000001,0.3070833333333333,0.28850000000000003,0.3070833333333333,0.28850000000000003,100530.0,93000.0,1.0,0.5,0.6141666666666666,0.5770000000000001,0.3070833333333333,0.28850000000000003
7100,4,"Other electrical and electronic equipment mechanics, installers, and repairers",49,1,0.1817628205128205,0.2635897435897436,0.6428125,0.651375,0.11614928329772078,0.11756760149572648,0.11614928329772078,0.11756760149572648,66552.5,68267.5,4.0,0.22326913424999034,0.6371741832174184,0.6446090198609019,0.14042182869183029,0.1417138983201975
7120,1,Audiovisual equipment installers and repairers,49,1,0.0952380952380952,0.238095238095238,0.5039583333333334,0.48475,0.04799603174603174,0.046166666666666654,0.04799603174603174,0.046166666666666654,46120.0,44790.0,1.0,0.0952380952380952,0.5039583333333334,0.48474999999999996,0.047996031746031745,0.046166666666666654
7130,1,Security and fire alarm systems installers,49,1,0.1833333333333333,0.1666666666666666,0.7070138888888888,0.7284166666666667,0.12961921296296292,0.13354305555555554,0.12961921296296292,0.13354305555555554,52170.0,48320.0,1.0,0.1833333333333333,0.7070138888888888,0.7284166666666667,0.12961921296296292,0.13354305555555554
7140,1,Aircraft mechanics and service technicians,49,1,0.0597014925373134,0.1343283582089552,0.6222222222222222,0.6266666666666666,0.03714759535655056,0.03741293532338306,0.03714759535655056,0.03741293532338306,69470.0,65380.0,1.0,0.0597014925373134,0.6222222222222222,0.6266666666666666,0.03714759535655056,0.03741293532338306
7150,1,Automotive body and related repairers,49,1,0.0425531914893617,0.0425531914893617,0.5557638888888888,0.5869166666666666,0.023649527186761228,0.024975177304964537,0.023649527186761228,0.024975177304964537,50660.0,47270.0,1.0,0.0425531914893617,0.5557638888888888,0.5869166666666666,0.023649527186761228,0.024975177304964537
7160,1,Automotive glass installers and repairers,49,1,0.0,0.0,0.5659027777777778,0.5990833333333332,0.0,0.0,0.0,0.0,40690.0,37920.0,1.0,0.0,0.5659027777777778,0.5990833333333332,0.0,0.0
7200,1,Automotive service technicians and mechanics,49,1,0.0727272727272727,0.0818181818181818,0.6254166666666666,0.6305,0.04548484848484846,0.04585454545454543,0.04548484848484846,0.04585454545454543,47990.0,46880.0,1.0,0.0727272727272727,0.6254166666666666,0.6305,0.04548484848484846,0.04585454545454543
7210,1,Bus and truck mechanics and diesel engine specialists,49,1,0.0,0.0,0.7034027777777778,0.7240833333333333,0.0,0.0,0.0,0.0,53020.0,48690.0,1.0,0.0,0.7034027777777778,0.7240833333333333,0.0,0.0
7220,3,Heavy vehicle and mobile equipment service technicians and mechanics,49,1,0.12086435070306033,0.10405293631100081,0.6416203703703703,0.6632777777777777,0.07815583069111291,0.08014348979873169,0.07815583069111291,0.08014348979873169,54976.666666666664,55063.333333333336,3.0,0.12650252318191715,0.6588678838766867,0.6751327440165468,0.08352948074133863,0.08534483432484229
7240,3,Small engine mechanics,49,1,0.0485347985347985,0.08516483516483513,0.6313888888888889,0.6509999999999999,0.02774299196174194,0.028895985958485932,0.02774299196174194,0.028895985958485932,42996.666666666664,40813.333333333336,3.0,0.06326304190315175,0.6100394536019536,0.6311132783882784,0.03552027204804503,0.03707554007919733
725,1,"Meeting, convention, and event planners",13,1,0.3648648648648649,0.4864864864864865,0.6830555555555555,0.6596666666666667,0.249222972972973,0.24068918918918925,0.249222972972973,0.24068918918918925,57850.0,49470.0,1.0,0.36486486486486497,0.6830555555555556,0.6596666666666667,0.249222972972973,0.24068918918918927
726,1,Fundraisers,13,1,0.4903846153846154,0.5192307692307693,0.6339583333333334,0.60075,0.3108834134615385,0.2945985576923077,0.3108834134615385,0.2945985576923077,64870.0,60660.0,1.0,0.4903846153846154,0.6339583333333334,0.60075,0.3108834134615385,0.2945985576923077
7260,3,"Miscellaneous vehicle and mobile equipment mechanics, installers, and repairers",49,1,0.05329153605015673,0.054684778822709834,0.5954166666666666,0.6345,0.03149541390920701,0.03353117380703587,0.03149541390920701,0.03353117380703587,37270.0,35943.333333333336,3.0,0.019966151179765145,0.6003037697292355,0.6403645236750826,0.011797165277202855,0.012559306238262213
7300,2,Control and valve installers and repairers,49,1,0.06980519480519475,0.1336580086580086,0.6498611111111111,0.6798333333333333,0.04541486291486288,0.04748484848484845,0.04541486291486288,0.04748484848484845,56415.0,53910.0,2.0,0.07031885526824645,0.6598369680374228,0.6854760647401106,0.046445037510205435,0.048227943954729895
7315,1,"Heating, air conditioning, and refrigeration mechanics and installers",49,1,0.1403508771929824,0.1052631578947368,0.6845833333333333,0.7015,0.0960818713450292,0.09845614035087714,0.0960818713450292,0.09845614035087714,54690.0,48630.0,1.0,0.1403508771929824,0.6845833333333333,0.7015,0.0960818713450292,0.09845614035087716
7320,1,Home appliance repairers,49,1,0.109090909090909,0.1454545454545454,0.5911805555555555,0.6294166666666666,0.06449242424242418,0.0686636363636363,0.06449242424242418,0.0686636363636363,45340.0,44320.0,1.0,0.109090909090909,0.5911805555555555,0.6294166666666666,0.06449242424242418,0.0686636363636363
7330,2,Industrial and refractory machinery mechanics,49,1,0.0725806451612903,0.13709677419354835,0.5570833333333334,0.5685,0.040498991935483855,0.03988911290322579,0.040498991935483855,0.03988911290322579,56770.0,57045.0,2.0,0.14490495199050596,0.557982922705314,0.5496501426978818,0.08085495064192466,0.07963734653144888
7340,1,"Maintenance and repair workers, general",49,1,0.0784313725490196,0.1372549019607843,0.69625,0.7155,0.054607843137254905,0.05611764705882353,0.054607843137254905,0.05611764705882353,44920.0,43180.0,1.0,0.0784313725490196,0.69625,0.7155,0.054607843137254905,0.05611764705882352
735,1,Market research analysts and marketing specialists,13,1,0.5425598991172762,0.5245901639344263,0.5367361111111111,0.4840833333333333,0.2912114902970436,0.2626442044976881,0.29187489053523896,0.2634402847835225,76080.0,63920.0,1.0,0.5425598991172762,0.5367361111111111,0.48408333333333337,0.2912114902970436,0.2626442044976881
7350,1,"Maintenance workers, machinery",49,1,0.1142857142857142,0.1428571428571428,0.6067361111111111,0.6080833333333334,0.06934126984126979,0.06949523809523805,0.06934126984126979,0.06949523809523805,53570.0,48900.0,1.0,0.1142857142857142,0.6067361111111111,0.6080833333333334,0.06934126984126979,0.06949523809523805
7360,1,Millwrights,49,1,0.0434782608695652,0.0217391304347826,0.6939583333333332,0.75275,0.030172101449275346,0.03272826086956521,0.030172101449275346,0.03272826086956521,61260.0,60330.0,1.0,0.0434782608695652,0.6939583333333332,0.75275,0.030172101449275342,0.03272826086956521
7410,1,Electrical power-line installers and repairers,49,1,0.0,0.0,0.73625,0.8035,0.0,0.0,0.0,0.0,79060.0,78310.0,1.0,0.0,0.73625,0.8035,0.0,0.0
7420,1,Telecommunications line installers and repairers,49,1,0.03125,0.03125,0.6450694444444445,0.6940833333333333,0.02015842013888889,0.021690104166666665,0.02015842013888889,0.021690104166666665,62250.0,60190.0,1.0,0.03125,0.6450694444444445,0.6940833333333333,0.02015842013888889,0.021690104166666665
7430,5,Precision instrument and equipment repairers,49,1,0.11984848484848482,0.19065953654188944,0.5346527777777778,0.5215833333333333,0.06439459175084174,0.0628916919191919,0.06439459175084174,0.0628916919191919,46470.0,42380.0,4.0,0.23629091291342946,0.5562259430078139,0.5474711316093767,0.13174020378280862,0.12973333498975884
750,1,"Business operations specialists, all other",13,1,0.5379899336046262,0.5828407660281357,0.5822453703703704,0.5386944444444445,0.31324214814715656,0.2898121883998477,0.33872288929939787,0.31372526683087026,79240.0,74670.0,1.0,0.5379899336046262,0.5822453703703703,0.5386944444444445,0.31324214814715656,0.2898121883998477
7510,1,"Coin, vending, and amusement machine servicers and repairers",49,1,0.1964285714285714,0.3214285714285714,0.50625,0.5275,0.09944196428571427,0.1036160714285714,0.09944196428571427,0.1036160714285714,42010.0,39040.0,1.0,0.1964285714285714,0.50625,0.5275,0.09944196428571425,0.1036160714285714
7540,1,Locksmiths and safe repairers,49,1,0.08,0.08,0.6289583333333334,0.67475,0.050316666666666676,0.05398,0.050316666666666676,0.05398,47810.0,46910.0,1.0,0.08,0.6289583333333334,0.67475,0.050316666666666676,0.05398
7560,1,Riggers,49,1,0.037037037037037,0.0,0.7040972222222222,0.7649166666666666,0.02607767489711931,0.028330246913580215,0.02607767489711931,0.028330246913580215,52100.0,48130.0,1.0,0.037037037037037,0.7040972222222222,0.7649166666666666,0.02607767489711931,0.028330246913580215
7610,1,"Helpers--installation, maintenance, and repair workers",49,1,0.0,0.0333333333333333,0.6202777777777778,0.6643333333333333,0.0,0.0,0.0,0.0,35090.0,33100.0,1.0,0.0,0.6202777777777778,0.6643333333333333,0.0,0.0
7640,5,"Other installation, maintenance, and repair workers",49,1,0.1185329833015667,0.09473370014744485,0.6956805555555556,0.7308166666666667,0.07965355421097002,0.08473499688327875,0.07965355421097002,0.08473499688327875,59204.0,55224.0,5.0,0.27419315205141537,0.6577472341610952,0.7048692162793164,0.17833509235497721,0.19185704015092453
7700,1,First-line supervisors of production and operating workers,51,1,0.225,0.4,0.7053472222222221,0.7264166666666667,0.15870312499999997,0.16344375000000003,0.15870312499999997,0.16344375000000003,67330.0,61790.0,1.0,0.225,0.7053472222222221,0.7264166666666667,0.15870312499999997,0.16344375000000003
7720,2,"Electrical, electronics, and electromechanical assemblers",51,1,0.08386752136752135,0.14651320901320897,0.533142361111111,0.5597708333333333,0.04534664722815763,0.04770657496438746,0.04557751661918327,0.04798361823361823,41045.0,37910.0,2.0,0.03315827685107918,0.5225340363905476,0.5470408436686571,0.01742170697632553,0.01825338622350431
7730,1,Engine and other machine assemblers,51,1,0.0,0.0952380952380952,0.5715972222222222,0.6059166666666667,0.0,0.0,0.0,0.0,48110.0,47440.0,1.0,0.0,0.5715972222222222,0.6059166666666667,0.0,0.0
7740,1,Structural metal fabricators and fitters,51,1,0.0227272727272727,0.0227272727272727,0.6774305555555555,0.6929166666666666,0.01539614898989897,0.015748106060606042,0.01539614898989897,0.015748106060606042,45730.0,45480.0,1.0,0.022727272727272704,0.6774305555555555,0.6929166666666666,0.01539614898989897,0.015748106060606042
7750,4,Other assemblers and fabricators,51,1,0.049142156862745076,0.08528186274509802,0.5174826388888889,0.5409791666666667,0.026514042075163384,0.02788547794117646,0.026514042075163384,0.02788547794117646,44547.5,40375.0,4.0,0.0866107169344571,0.5402519534694391,0.5683023441633269,0.04679735434588817,0.049227967860309245
7800,1,Bakers,51,1,0.1176470588235294,0.2647058823529412,0.5245833333333334,0.5495,0.0617156862745098,0.0646470588235294,0.0617156862745098,0.0646470588235294,32300.0,29750.0,1.0,0.1176470588235294,0.5245833333333334,0.5495,0.06171568627450981,0.0646470588235294
7810,3,"Butchers and other meat, poultry, and fish processing workers",51,1,0.0087719298245614,0.043859649122806994,0.5309953703703704,0.5705277777777779,0.004909234892787522,0.005189327485380114,0.004909234892787522,0.005189327485380114,33120.0,31893.333333333332,3.0,0.010536279515734019,0.5302330489098624,0.5707770248024583,0.0058966580984236424,0.00623308735684965
7830,1,"Food and tobacco roasting, baking, and drying machine operators and tenders",51,1,0.0666666666666666,0.0666666666666666,0.4724305555555555,0.4869166666666666,0.03149537037037033,0.03246111111111107,0.03149537037037033,0.03246111111111107,36280.0,35480.0,1.0,0.0666666666666666,0.4724305555555555,0.48691666666666666,0.03149537037037033,0.03246111111111107
7840,1,Food batchmakers,51,1,0.1538461538461538,0.1153846153846153,0.5309027777777777,0.5570833333333333,0.0816773504273504,0.08570512820512817,0.0816773504273504,0.08570512820512817,36190.0,35780.0,1.0,0.1538461538461538,0.5309027777777777,0.5570833333333333,0.0816773504273504,0.08570512820512817
7850,1,Food cooking machine operators and tenders,51,1,0.032258064516129,0.1290322580645161,0.5908333333333333,0.629,0.019059139784946215,0.02029032258064514,0.019059139784946215,0.02029032258064514,35430.0,35890.0,1.0,0.032258064516129,0.5908333333333333,0.629,0.019059139784946215,0.020290322580645136
7855,1,"Food processing workers, all other",,0,,,,,,,,,,,,,,,,
7905,2,Computer numerically controlled tool operators and programmers,51,1,0.26857142857142857,0.5267857142857142,0.5365625,0.523875,0.14621815476190475,0.14323321428571426,0.14621815476190475,0.14323321428571426,54300.0,53710.0,2.0,0.20488720166785948,0.5194109852610179,0.5032931823132215,0.10744117994834615,0.10434295173787221
7925,3,"Forming machine setters, operators, and tenders, metal and plastic",51,1,0.06617647058823524,0.07965686274509799,0.542962962962963,0.5715555555555555,0.035348754084967286,0.03712438725490193,0.035348754084967286,0.03712438725490193,43713.333333333336,42826.666666666664,3.0,0.07564178243394001,0.5225062042630121,0.5470074451156145,0.039160054132450134,0.040940722364224955
7950,1,"Cutting, punching, and press machine setters, operators, and tenders, metal and plastic",51,1,0.02,0.01,0.5086805555555555,0.5304166666666666,0.010173611111111109,0.010608333333333332,0.010173611111111109,0.010608333333333332,40000.0,37630.0,1.0,0.02,0.5086805555555555,0.5304166666666666,0.010173611111111109,0.010608333333333332
800,1,Accountants and auditors,13,1,0.52,0.56,0.5711111111111111,0.5253333333333334,0.2969777777777778,0.2731733333333334,0.2969777777777778,0.2731733333333334,83980.0,77250.0,1.0,0.52,0.5711111111111111,0.5253333333333334,0.2969777777777778,0.2731733333333334
8000,1,"Grinding, lapping, polishing, and buffing machine tool setters, operators, and tenders, metal and plastic",51,1,0.064516129032258,0.064516129032258,0.507361111111111,0.5288333333333333,0.03273297491039422,0.03411827956989243,0.03273297491039422,0.03411827956989243,40030.0,37550.0,1.0,0.064516129032258,0.507361111111111,0.5288333333333333,0.03273297491039422,0.03411827956989243
8025,3,"Other machine tool setters, operators, and tenders, metal and plastic",51,1,0.03374119391916943,0.14432422107616763,0.5015740740740741,0.521888888888889,0.016302578997239723,0.016863799283154114,0.016302578997239723,0.016863799283154114,44870.0,43223.333333333336,3.0,0.04017689057373151,0.49206886434358066,0.5104826372122968,0.01940909722076755,0.020076765419022532
8030,1,Machinists,51,1,0.1326530612244897,0.2346938775510204,0.5499305555555555,0.5399166666666666,0.07294997165532874,0.07162159863945572,0.07294997165532874,0.07162159863945572,49020.0,47730.0,1.0,0.1326530612244897,0.5499305555555555,0.5399166666666666,0.07294997165532874,0.07162159863945572
8040,2,"Metal furnace operators, tenders, pourers, and casters",51,1,0.0208333333333333,0.0520833333333333,0.5180208333333334,0.541625,0.010995370370370353,0.01152777777777776,0.010995370370370353,0.01152777777777776,45675.0,46270.0,2.0,0.029285391225689687,0.5219792137795869,0.5463750565355042,0.015456178702447336,0.01620458314488163
810,1,Property appraisers and assessors,13,1,0.5178571428571428,0.53125,0.5734722222222223,0.5281666666666668,0.2969766865079365,0.27351488095238097,0.26625496031746027,0.2452202380952381,70050.0,61340.0,1.0,0.5178571428571428,0.5734722222222223,0.5281666666666668,0.2969766865079365,0.27351488095238097
8100,4,"Model makers, patternmakers, and molding machine setters, metal and plastic",51,1,0.0655231742718288,0.09871489611533314,0.5555729166666667,0.5666875,0.038504844451602016,0.038691869638605283,0.038504844451602016,0.038691869638605283,46607.5,44450.0,4.0,0.03462802608361976,0.5384866777716929,0.5649178577948157,0.018898526586687663,0.01977004776479548
8130,1,Tool and die makers,51,1,0.109375,0.1875,0.5949305555555555,0.5939166666666666,0.06507052951388889,0.06495963541666666,0.06507052951388889,0.06495963541666666,56150.0,57000.0,1.0,0.109375,0.5949305555555555,0.5939166666666666,0.06507052951388889,0.06495963541666666
8140,2,"Welding, soldering, and brazing workers",51,1,0.0480169340463458,0.07820855614973254,0.48864583333333333,0.506375,0.023269830659536535,0.02408244206773618,0.023269830659536535,0.02408244206773618,45620.0,42795.0,2.0,0.04044989464814582,0.5075428379874332,0.5290514055849197,0.02047960461308634,0.021339533963851944
820,1,Budget analysts,13,1,0.64,0.52,0.5574305555555555,0.5089166666666667,0.35675555555555555,0.3257066666666667,0.35675555555555555,0.3257066666666667,84240.0,79940.0,1.0,0.64,0.5574305555555555,0.5089166666666667,0.35675555555555555,0.3257066666666667
8225,6,Other metal workers and plastic workers,51,1,0.07873795002951009,0.10939389468161842,0.5248888888888888,0.5498666666666667,0.04074799713642423,0.04259856056134827,0.04074799713642423,0.04259856056134827,43394.0,40680.0,5.0,0.11436765882982948,0.5031276790351763,0.5237532148422116,0.05671089817513993,0.05890366510378158
8250,1,Prepress technicians and workers,51,1,0.109375,0.4375,0.4830555555555556,0.45966666666666667,0.0528342013888889,0.05027604166666667,0.0528342013888889,0.05027604166666667,43800.0,42610.0,1.0,0.109375,0.4830555555555556,0.45966666666666667,0.0528342013888889,0.05027604166666667
8255,1,Printing press operators,51,1,0.125,0.2875,0.5329861111111112,0.5595833333333333,0.0666232638888889,0.06994791666666667,0.0666232638888889,0.06994791666666667,41120.0,37770.0,1.0,0.125,0.5329861111111112,0.5595833333333333,0.0666232638888889,0.06994791666666667
8256,1,Print binding and finishing workers,51,1,0.0641025641025641,0.0897435897435897,0.495625,0.51475,0.03177083333333333,0.03299679487179487,0.03177083333333333,0.03299679487179487,37060.0,36590.0,1.0,0.0641025641025641,0.495625,0.51475,0.03177083333333333,0.03299679487179487
830,1,Credit analysts,13,1,0.5555555555555556,0.5555555555555556,0.5279166666666666,0.47350000000000003,0.293287037037037,0.2630555555555556,0.293287037037037,0.2630555555555556,88030.0,77440.0,1.0,0.5555555555555556,0.5279166666666666,0.47350000000000003,0.293287037037037,0.2630555555555556
8300,1,Laundry and dry-cleaning workers,51,1,0.05,0.05,0.4371527777777777,0.4845833333333333,0.021857638888888888,0.024229166666666666,0.021857638888888888,0.024229166666666666,27830.0,28350.0,1.0,0.05,0.4371527777777778,0.48458333333333325,0.021857638888888888,0.024229166666666666
8310,1,"Pressers, textile, garment, and related materials",51,1,0.0208333333333333,0.0104166666666666,0.4059027777777778,0.4470833333333333,0.008456307870370357,0.009314236111111096,0.008456307870370357,0.009314236111111096,28110.0,28680.0,1.0,0.0208333333333333,0.4059027777777778,0.4470833333333333,0.008456307870370357,0.009314236111111096
8320,1,Sewing machine operators,51,1,0.0232558139534883,0.0813953488372093,0.39493055555555556,0.4339166666666667,0.009184431524547775,0.010091085271317798,0.009184431524547775,0.010091085271317798,30880.0,29690.0,1.0,0.0232558139534883,0.39493055555555556,0.4339166666666667,0.009184431524547775,0.010091085271317798
8335,2,Shoe and leather workers,51,1,0.04028132992327365,0.07289002557544755,0.4541666666666667,0.46499999999999997,0.018858429241261722,0.019407608695652168,0.018858429241261722,0.019407608695652168,32405.0,30005.0,2.0,0.044319230353595106,0.46079044781509576,0.4729485373781148,0.020959123733812146,0.02160541005228696
8350,2,"Tailors, dressmakers, and sewers",51,1,0.05492424242424235,0.06628787878787876,0.47961805555555553,0.4955416666666667,0.026961805555555517,0.027960227272727234,0.026961805555555517,0.027960227272727234,33390.0,30675.0,2.0,0.06302472014925364,0.5081529526844942,0.5297835432213931,0.03241419853855717,0.03385506063432831
8365,4,"Textile machine setters, operators, and tenders",51,1,0.11442669172932327,0.14014332706766916,0.4236979166666667,0.4284375,0.04825569783834585,0.04875270206766916,0.04825569783834585,0.04875270206766916,32932.5,30975.0,4.0,0.10710854517245491,0.42116806290417397,0.42540167548500885,0.044763874730366464,0.04514796606264336
845,1,Financial and investment analysts,13,1,0.5,0.4615384615384615,,,,,,,103020.0,91580.0,1.0,0.5,,,,
8450,1,Upholsterers,51,1,0.088235294117647,0.1911764705882352,0.4881944444444444,0.5058333333333332,0.04307598039215683,0.04463235294117643,0.04307598039215683,0.04463235294117643,38220.0,37420.0,1.0,0.088235294117647,0.4881944444444444,0.5058333333333332,0.04307598039215683,0.04463235294117643
8465,3,"Other textile, apparel, and furnishings workers",51,1,0.13685344827586204,0.26885775862068967,0.5615277777777778,0.5738333333333334,0.07661488266283524,0.07723958333333333,0.07661488266283524,0.07723958333333333,52335.0,48100.0,2.0,0.10510398769329121,0.5644009913737608,0.5898188489764389,0.05917988780450446,0.061208357473928145
850,1,Personal financial advisors,13,1,0.6710526315789473,0.5,0.5561805555555555,0.5074166666666666,0.3732264254385964,0.3405032894736842,0.3732264254385964,0.3405032894736842,119960.0,94170.0,1.0,0.6710526315789473,0.5561805555555555,0.5074166666666666,0.3732264254385964,0.3405032894736842
8500,1,Cabinetmakers and bench carpenters,51,1,0.0441176470588235,0.1176470588235294,0.5039583333333334,0.52475,0.02223345588235293,0.02315073529411763,0.02223345588235293,0.02315073529411763,40070.0,37540.0,1.0,0.0441176470588235,0.5039583333333334,0.52475,0.02223345588235293,0.02315073529411763
8510,1,Furniture finishers,51,1,0.0714285714285714,0.0285714285714285,0.510625,0.53275,0.03647321428571427,0.03805357142857141,0.03647321428571427,0.03805357142857141,37310.0,36580.0,1.0,0.0714285714285714,0.510625,0.53275,0.03647321428571427,0.03805357142857141
8530,1,"Sawing machine setters, operators, and tenders, wood",51,1,0.0147058823529411,0.0588235294117647,0.533611111111111,0.5603333333333332,0.00784722222222218,0.008240196078431329,0.00784722222222218,0.008240196078431329,35280.0,35340.0,1.0,0.0147058823529411,0.533611111111111,0.5603333333333332,0.00784722222222218,0.008240196078431329
8540,1,"Woodworking machine setters, operators, and tenders, except sawing",51,1,0.0326086956521739,0.0652173913043478,0.529236111111111,0.5550833333333333,0.017257699275362307,0.018100543478260858,0.017257699275362307,0.018100543478260858,35560.0,36090.0,1.0,0.0326086956521739,0.529236111111111,0.5550833333333333,0.017257699275362307,0.018100543478260858
8555,3,Other woodworkers,51,1,0.2179487179487179,0.2051282051282051,0.6029513888888889,0.6035416666666666,0.13222044159544155,0.1325106837606837,0.13222044159544155,0.1325106837606837,55530.0,53850.0,2.0,0.20279720279720276,0.5999722222222222,0.5999666666666666,0.12243550893550892,0.12258694638694635
860,1,Insurance underwriters,13,1,0.5,0.5714285714285714,0.5347222222222222,0.48166666666666663,0.2673611111111111,0.24083333333333332,0.2673611111111111,0.24083333333333332,79940.0,76390.0,1.0,0.5,0.5347222222222222,0.48166666666666663,0.2673611111111111,0.24083333333333332
8600,3,"Power plant operators, distributors, and dispatchers",51,1,0.15422030765168016,0.2828035254505843,0.6558333333333334,0.6758888888888889,0.1021894660337947,0.10493380056006686,0.10208452271902024,0.10488097436786159,96826.66666666667,94546.66666666667,3.0,0.1300092017200131,0.6485761650808267,0.67606917587477,0.08530977934871872,0.08839638748749058
8610,1,Stationary engineers and boiler operators,51,1,0.1046511627906976,0.1627906976744186,0.6299305555555555,0.6359166666666666,0.06592296511627901,0.0665494186046511,0.06592296511627901,0.0665494186046511,70510.0,63500.0,1.0,0.1046511627906976,0.6299305555555555,0.6359166666666666,0.06592296511627901,0.0665494186046511
8620,1,Water and wastewater treatment plant and system operators,51,1,0.125,0.125,0.654375,0.66525,0.081796875,0.08315625,0.081796875,0.08315625,52320.0,47880.0,1.0,0.125,0.654375,0.66525,0.081796875,0.08315625
8630,4,Miscellaneous plant and system operators,51,1,0.1203632349783264,0.13374542433231457,0.6353819444444444,0.6724583333333333,0.07696229602164004,0.08194444642770192,0.07696229602164004,0.08194444642770192,70492.5,69460.0,4.0,0.13374363879390838,0.6405641056518946,0.6816896435452793,0.08621649423370784,0.09221442047404654
8640,2,"Chemical processing machine setters, operators, and tenders",51,1,0.07546583850931675,0.14751552795031048,0.5678472222222222,0.6014166666666667,0.042354878364389226,0.04478858695652173,0.042354878364389226,0.04478858695652173,49755.0,47060.0,2.0,0.07165552688294578,0.5859205437833337,0.6231046525400005,0.04155512185781122,0.04413370407873779
8650,3,"Crushing, grinding, polishing, mixing, and blending workers",51,1,0.06670956670956667,0.08497783497783497,0.5334722222222222,0.5735,0.03653345309595307,0.03897956885456883,0.03653345309595307,0.03897956885456883,40423.333333333336,37616.666666666664,3.0,0.07808520423964237,0.565507899350094,0.6026320548999488,0.044609540153609205,0.04742829526229665
8710,2,Cutting workers,51,1,0.0284090909090909,0.03409090909090905,0.43895833333333334,0.46675,0.015043008207070704,0.01577888257575757,0.015043008207070704,0.01577888257575757,37170.0,34020.0,2.0,0.04977041361144727,0.5070487361872444,0.5334201122422344,0.02635412526300594,0.027643317226691336
8720,1,"Extruding, forming, pressing, and compacting machine setters, operators, and tenders",51,1,0.075,0.075,0.49631944444444437,0.5155833333333333,0.03722395833333333,0.038668749999999995,0.03722395833333333,0.038668749999999995,40050.0,37660.0,1.0,0.075,0.49631944444444437,0.5155833333333333,0.03722395833333333,0.038668749999999995
8730,1,"Furnace, kiln, oven, drier, and kettle operators and tenders",51,1,0.04,0.16,0.5611111111111111,0.5933333333333334,0.022444444444444444,0.023733333333333335,0.022444444444444444,0.023733333333333335,43910.0,43710.0,1.0,0.04,0.5611111111111111,0.5933333333333334,0.022444444444444444,0.023733333333333335
8740,1,"Inspectors, testers, sorters, samplers, and weighers",51,1,0.1770833333333333,0.4166666666666666,0.5859722222222223,0.6231666666666668,0.10376591435185184,0.11035243055555555,0.10376591435185184,0.11035243055555555,44810.0,38580.0,1.0,0.1770833333333333,0.5859722222222223,0.6231666666666668,0.10376591435185184,0.11035243055555555
8750,1,Jewelers and precious stone and metal workers,51,1,0.1339285714285714,0.2053571428571428,0.5033333333333333,0.484,0.06741071428571427,0.06482142857142856,0.06692956349206347,0.0642440476190476,47090.0,46640.0,1.0,0.1339285714285714,0.5033333333333333,0.484,0.06741071428571427,0.06482142857142856
8760,3,Dental and ophthalmic laboratory technicians and medical appliance technicians,51,1,0.06920498084291184,0.09111590038314173,0.5420833333333334,0.5571666666666667,0.0389409057045551,0.039813378033205594,0.0389409057045551,0.039813378033205594,44183.333333333336,42773.333333333336,3.0,0.06125768188587771,0.5319602365051509,0.5494022984303403,0.033665704790850216,0.034572370642028574
8800,1,Packaging and filling machine operators and tenders,51,1,0.075,0.0,0.5581944444444445,0.5898333333333333,0.04186458333333334,0.0442375,0.04186458333333334,0.0442375,36750.0,35960.0,1.0,0.075,0.5581944444444445,0.5898333333333333,0.04186458333333334,0.0442375
8810,2,Painting workers,51,1,0.0201406649616368,0.0217391304347826,0.4861458333333334,0.523375,0.009209603225348098,0.01002850596760442,0.009209603225348098,0.01002850596760442,41075.0,38230.0,2.0,0.012266774068584348,0.5394331441561746,0.5703338897367418,0.0064549858495588155,0.006853291586611252
8830,1,Photographic process workers and processing machine operators,51,1,0.17,0.38,0.5124305555555556,0.5349166666666667,0.08711319444444446,0.09093583333333334,0.08711319444444446,0.09093583333333334,40300.0,36590.0,1.0,0.17,0.5124305555555556,0.5349166666666667,0.08711319444444446,0.09093583333333335
8850,1,Adhesive bonding machine operators and tenders,51,1,0.0,0.064516129032258,0.5642361111111112,0.5970833333333334,0.0,0.0,0.0,0.0,38580.0,37630.0,1.0,0.0,0.5642361111111112,0.5970833333333334,0.0,0.0
8910,1,Etchers and engravers,51,1,0.0303030303030303,0.1363636363636363,0.5004861111111111,0.5205833333333332,0.01516624579124579,0.01577525252525252,0.01516624579124579,0.01577525252525252,36970.0,36590.0,1.0,0.0303030303030303,0.5004861111111111,0.5205833333333332,0.01516624579124579,0.01577525252525252
8920,1,"Molders, shapers, and casters, except metal and plastic",51,1,0.046565191430258876,0.07098155467720682,0.526701388888889,0.5420416666666666,0.02452595100019434,0.025240273971509904,0.024321297115466427,0.02534129360509138,39020.0,37500.0,1.0,0.046565191430258876,0.526701388888889,0.5420416666666666,0.02452595100019434,0.025240273971509904
8930,1,"Paper goods machine setters, operators, and tenders",51,1,0.0263157894736842,0.0,0.5611111111111111,0.5933333333333334,0.014766081871345023,0.015614035087719292,0.014766081871345023,0.015614035087719292,44180.0,44820.0,1.0,0.0263157894736842,0.5611111111111111,0.5933333333333334,0.014766081871345024,0.015614035087719292
8940,1,Tire builders,51,1,0.0,0.0192307692307692,0.4870138888888889,0.5044166666666667,0.0,0.0,0.0,0.0,47840.0,47940.0,1.0,0.0,0.4870138888888889,0.5044166666666667,0.0,0.0
8950,1,Helpers--production workers,51,1,0.0555555555555555,0.0888888888888888,0.5063194444444443,0.5275833333333333,0.02812885802469132,0.02931018518518515,0.02812885802469132,0.02931018518518515,32910.0,30000.0,1.0,0.05555555555555549,0.5063194444444443,0.5275833333333333,0.02812885802469132,0.02931018518518515
8990,4,"Miscellaneous production workers, including equipment operators and tenders",51,1,0.051710526315789464,0.13987938596491226,0.5268055555555555,0.5521666666666666,0.026895376461988297,0.0281376096491228,0.026895376461988297,0.0281376096491228,41546.666666666664,38450.0,3.0,0.05578684794024973,0.5119770263611726,0.5343724316334072,0.028328308964160213,0.029531022921772277
900,1,Financial examiners,13,1,0.5757575757575758,0.5,0.5596527777777777,0.5115833333333333,0.32222432659932654,0.2945479797979798,0.32222432659932654,0.2945479797979798,96180.0,81410.0,1.0,0.5757575757575758,0.5596527777777777,0.5115833333333333,0.32222432659932654,0.2945479797979798
9005,2,Supervisors of transportation and material moving workers,53,1,0.180569322288923,0.30785014038190084,0.697488425925926,0.7569861111111111,0.12256978719445323,0.13263819885023,0.12770675771741383,0.13819790786586764,60330.0,54195.0,2.0,0.3555776856158962,0.6793719542456323,0.7352463450947587,0.24136481604167925,0.26119156440074337
9030,2,Aircraft pilots and flight engineers,53,1,0.22159090909090912,0.2954545454545454,0.7324999999999999,0.739,0.16231376262626263,0.16364015151515154,0.16231376262626263,0.16364015151515154,156635.0,150910.0,2.0,0.22335571625344353,0.7324137205387206,0.7326843434343434,0.16358736512855832,0.16354485192837467
9040,2,Air traffic controllers and airfield operations specialists,53,1,0.3180432372505543,0.3533813747228381,0.6611458333333333,0.6733750000000001,0.21122046493902438,0.21529936945676276,0.21122046493902438,0.21529936945676276,91140.0,88815.0,2.0,0.31518389984431755,0.6396443024363015,0.6475731629235619,0.202491609434462,0.2051678633400363
9050,1,Flight attendants,53,1,0.1458333333333333,0.1666666666666666,0.7516666666666667,0.8220000000000001,0.10961805555555552,0.11987499999999997,0.10961805555555552,0.11987499999999997,62280.0,61640.0,1.0,0.1458333333333333,0.7516666666666667,0.8220000000000001,0.10961805555555552,0.11987499999999997
910,2,Credit counselors and loan officers,13,1,0.6704545454545454,0.6079545454545454,0.5723263888888889,0.5267916666666667,0.38239386047979795,0.3515999053030303,0.38239386047979795,0.3515999053030303,65500.0,55480.0,2.0,0.6515494198854457,0.6208206616855142,0.5849847940226172,0.40408716385635435,0.3806566894459538
9110,1,"Ambulance drivers and attendants, except emergency medical technicians",53,1,0.0454545454545454,0.0909090909090909,0.6850694444444444,0.7420833333333334,0.03113952020202016,0.03373106060606057,0.03113952020202016,0.03373106060606057,31060.0,29120.0,1.0,0.04545454545454541,0.6850694444444444,0.7420833333333333,0.03113952020202016,0.03373106060606057
9121,1,"Bus drivers, school",53,1,0.1764705882352941,0.3235294117647059,,,,,,,38750.0,37910.0,1.0,0.1764705882352941,,,,
9122,1,"Bus drivers, transit and intercity",53,1,0.1666666666666666,0.2407407407407407,0.5504166666666667,0.5805,0.09173611111111107,0.09674999999999996,0.09173611111111107,0.09674999999999996,51310.0,48620.0,1.0,0.1666666666666666,0.5504166666666667,0.5805,0.09173611111111107,0.09674999999999996
9130,3,Driver/sales workers and truck drivers,53,1,0.18732193732193728,0.32585470085470086,0.5821759259259259,0.6186111111111111,0.10759506568534344,0.11412832383665715,0.10759506568534344,0.11412832383665715,41646.666666666664,38623.333333333336,3.0,0.1911826215464638,0.5886687975514446,0.6264025570617336,0.11120650308731744,0.11815319398106382
9141,1,Shuttle drivers and chauffeurs,53,1,0.173076923076923,0.25,,,,,,,32570.0,30000.0,1.0,0.173076923076923,,,,
9142,1,Taxi drivers,53,1,0.25,0.28125,,,,,,,30050.0,29310.0,1.0,0.25,,,,
9150,1,"Motor vehicle operators, all other",,0,,,,,,,,,,,,,,,,
9210,2,Locomotive engineers and operators,53,1,0.14448051948051946,0.2451298701298701,0.6727430555555556,0.7272916666666667,0.09771267361111109,0.10569676677489176,0.09771267361111109,0.10569676677489176,65505.0,70415.0,2.0,0.21414221137978037,0.6774061604767753,0.7328873925721302,0.14525082089599958,0.15716960816481704
9240,1,Railroad conductors and yardmasters,53,1,0.2083333333333333,0.2777777777777778,0.6465972222222222,0.6959166666666667,0.13470775462962958,0.14498263888888888,0.13470775462962958,0.14498263888888888,66990.0,63960.0,1.0,0.2083333333333333,0.6465972222222222,0.6959166666666667,0.13470775462962958,0.14498263888888888
9265,3,Other rail transportation workers,53,1,0.12310606060606055,0.28787878787878785,0.6101388888888888,0.6521666666666667,0.07219355008417505,0.07678377525252522,0.07219355008417505,0.07678377525252522,67285.0,72510.0,2.0,0.10501183086999755,0.6181003499727566,0.661720419967308,0.06213366096841668,0.06615944669250022
930,1,"Tax examiners and collectors, and revenue agents",13,1,0.6774193548387096,0.5806451612903225,0.496875,0.47625,0.33659274193548383,0.3226209677419355,0.33659274193548383,0.3226209677419355,63200.0,56780.0,1.0,0.6774193548387097,0.496875,0.47625,0.33659274193548383,0.3226209677419355
9300,2,"Sailors and marine oilers, and ship engineers",53,1,0.07563164893617019,0.10721409574468085,0.6842708333333334,0.721125,0.0523595873965721,0.0539684729609929,0.0523595873965721,0.0539684729609929,77355.0,64565.0,2.0,0.0396633495733502,0.679101782934423,0.725990440747227,0.027356585412888705,0.028398814389493345
9310,2,Ship and boat captains and operators,53,1,0.16906158357771256,0.1318181818181818,0.7135069444444444,0.7562083333333334,0.12245156199087645,0.12923512952101657,0.12245156199087645,0.12923512952101657,71370.0,60155.0,2.0,0.2030362388228351,0.7522014253074492,0.7856668276750391,0.15323446465379437,0.15990734664272915
9350,1,Parking attendants,53,1,0.125,0.1071428571428571,0.5532638888888889,0.5839166666666668,0.06915798611111111,0.07298958333333334,0.06915798611111111,0.07298958333333334,29210.0,29240.0,1.0,0.125,0.5532638888888889,0.5839166666666668,0.06915798611111111,0.07298958333333334
9365,2,Transportation service attendants,53,1,0.08816425120772944,0.13466183574879226,0.6615972222222222,0.7139166666666666,0.043147644927536206,0.04655978260869563,0.043147644927536206,0.04655978260869563,34300.0,32860.0,2.0,0.06973438742281371,0.6615972222222222,0.7139166666666666,0.043147644927536206,0.04655978260869563
940,1,Tax preparers,13,1,0.625,0.625,0.4922916666666666,0.47075,0.30768229166666666,0.29421875,0.30768229166666666,0.29421875,51080.0,46290.0,1.0,0.625,0.49229166666666657,0.47074999999999995,0.30768229166666666,0.29421875
9410,1,Transportation inspectors,53,1,0.23439393939393938,0.4125757575757576,0.6869675925925925,0.7043611111111111,0.16102104026374858,0.16509797558922557,0.16274458122895627,0.1645904671717172,77620.0,79770.0,1.0,0.2343939393939394,0.6869675925925925,0.7043611111111111,0.16102104026374858,0.16509797558922557
9415,1,Passenger attendants,53,1,0.1388888888888889,0.2222222222222222,0.5060416666666666,0.52725,0.0702835648148148,0.07322916666666666,0.0702835648148148,0.07322916666666666,34380.0,30470.0,1.0,0.1388888888888889,0.5060416666666666,0.52725,0.0702835648148148,0.07322916666666666
9430,3,Other transportation workers,53,1,0.2748015873015872,0.3743386243386243,0.5514930555555555,0.5617916666666667,0.15433600639329803,0.15544130291005287,0.15433600639329803,0.15544130291005287,48985.0,47000.0,2.0,0.3108342405548163,0.5592024767146486,0.5647262912785774,0.1763263256073903,0.17649058673709386
9510,1,Crane and tower operators,53,1,0.0263157894736842,0.1842105263157894,0.6738888888888889,0.6886666666666666,0.017733918128654963,0.01812280701754385,0.017733918128654963,0.01812280701754385,65270.0,62240.0,1.0,0.026315789473684195,0.6738888888888889,0.6886666666666666,0.017733918128654963,0.01812280701754385
9570,3,"Conveyor, dredge, and hoist and winch operators",53,1,0.0777230432402846,0.034482758620689634,0.5744444444444444,0.6226666666666666,0.044783646536520096,0.04936161284437146,0.044783646536520096,0.04936161284437146,48663.333333333336,44976.666666666664,3.0,0.12762976501070988,0.5409027144738175,0.6039054998480705,0.0686268603880115,0.07694491919296244
960,2,Other financial specialists,13,1,0.5878890253890254,0.5582821457821459,0.5988194444444443,0.5385833333333334,0.35476741656429145,0.31908085073710074,0.3557308729183729,0.31884264946764945,95490.0,86620.0,2.0,0.5896566913917072,0.5988194444444443,0.5385833333333334,0.3547674165642914,0.31908085073710074
9600,1,Industrial truck and tractor operators,53,1,0.03125,0.03125,0.6268055555555555,0.6721666666666667,0.01958767361111111,0.021005208333333334,0.01958767361111111,0.021005208333333334,40950.0,38380.0,1.0,0.03125,0.6268055555555555,0.6721666666666667,0.01958767361111111,0.021005208333333334
9610,1,Cleaners of vehicles and equipment,53,1,0.0,0.0833333333333333,0.5663888888888889,0.5996666666666668,0.0,0.0,0.0,0.0,30550.0,29280.0,1.0,0.0,0.5663888888888889,0.5996666666666668,0.0,0.0
9620,1,"Laborers and freight, stock, and material movers, hand",53,1,0.040869565217391296,0.0417391304347826,0.5745486111111111,0.6094583333333332,0.023481551932367145,0.024908297101449265,0.02342774758454106,0.024843731884057967,34950.0,31230.0,1.0,0.040869565217391296,0.5745486111111111,0.6094583333333332,0.023481551932367145,0.02490829710144926
9630,1,Machine feeders and offbearers,53,1,0.0909090909090909,0.0909090909090909,0.4666666666666666,0.48,0.04242424242424241,0.043636363636363626,0.04242424242424241,0.043636363636363626,36660.0,37010.0,1.0,0.0909090909090909,0.4666666666666666,0.48,0.04242424242424241,0.043636363636363626
9640,1,"Packers and packagers, hand",53,1,0.1,0.1,0.5325,0.5589999999999999,0.05325,0.0559,0.05325,0.0559,30950.0,29940.0,1.0,0.1,0.5325,0.5589999999999999,0.05325,0.0559
9645,1,Stockers and order fillers,53,1,0.1909090909090909,0.1818181818181818,0.5241666666666667,0.5489999999999999,0.1000681818181818,0.10480909090909088,0.1000681818181818,0.10480909090909088,33020.0,30110.0,1.0,0.1909090909090909,0.5241666666666667,0.5489999999999999,0.1000681818181818,0.10480909090909088
9650,3,Pumping station operators,53,1,0.08119658119658117,0.17307692307692304,0.6425462962962963,0.6910555555555554,0.05287986704653369,0.05696011396011394,0.05287986704653369,0.05696011396011394,62900.0,61346.666666666664,3.0,0.06736083994967242,0.6248463056965594,0.6698155668358715,0.04318821014167882,0.0464369849740408
9720,1,Refuse and recyclable material collectors,53,1,0.2321428571428571,0.1964285714285714,0.5735416666666666,0.6082500000000001,0.13314360119047616,0.14120089285714285,0.13314360119047616,0.14120089285714285,42780.0,38500.0,1.0,0.2321428571428571,0.5735416666666666,0.6082500000000001,0.13314360119047616,0.14120089285714285
9760,2,Other material moving workers,53,1,0.125,0.0714285714285714,0.6934722222222222,0.7521666666666667,0.08668402777777777,0.09402083333333333,0.08668402777777777,0.09402083333333333,55330.0,49390.0,1.0,0.125,0.6934722222222222,0.7521666666666667,0.08668402777777777,0.09402083333333333
